46,24,1734583516,2024-12-19 04:45:16
47,24,1734586364,2024-12-19 05:32:44
48,24,1734589516,2024-12-19 06:25:16
49,24,1734592748,2024-12-19 07:19:08
50,24,1734621939,2024-12-19 15:25:39
51,25,1734645755,2024-12-19 22:02:35
53,24,1734670069,2024-12-20 04:47:49
54,25,1734672996,2024-12-20 05:36:36
56,24,1734675621,2024-12-20 06:20:21
57,25,1734681792,2024-12-20 08:03:12
58,24,1734687972,2024-12-20 09:46:12
59,25,1734719558,2024-12-20 18:32:38
60,28,1734720585,2024-12-20 18:49:45
63,25,1734842143,2024-12-22 04:35:43
64,31,1734843000,2024-12-22 04:50:00
66,24,1734843439,2024-12-22 04:57:19
67,24,1734843783,2024-12-22 05:03:03
68,25,1734848775,2024-12-22 06:26:15
69,31,1734851832,2024-12-22 07:17:12
75,24,1734870353,2024-12-22 12:25:53
76,24,1734870353,2024-12-22 12:25:53
77,25,1734928584,2024-12-23 04:36:24
78,31,1734928632,2024-12-23 04:37:12
79,31,1734928655,2024-12-23 04:37:35
81,36,1734951379,2024-12-23 10:56:19
82,37,1734956700,2024-12-23 12:25:00
83,38,1734968917,2024-12-23 15:48:37
85,36,1735019454,2024-12-24 05:50:54
86,40,1735048961,2024-12-24 14:02:41
87,36,1735059745,2024-12-24 17:02:25
88,41,1735065828,2024-12-24 18:43:48
89,42,1735106749,2024-12-25 06:05:49
90,43,1735125622,2024-12-25 11:20:22
91,44,1735158633,2024-12-25 20:30:33
92,41,1735158817,2024-12-25 20:33:37
93,36,1735196224,2024-12-26 06:57:04
94,40,1735211337,2024-12-26 11:08:57
95,36,1735216419,2024-12-26 12:33:39
96,36,1735220956,2024-12-26 13:49:16
97,36,1735235832,2024-12-26 17:57:12
98,45,1735240016,2024-12-26 19:06:56
99,45,1735259317,2024-12-27 00:28:37
100,46,1735268359,2024-12-27 02:59:19
101,25,1735270306,2024-12-27 03:31:46
102,36,1735294516,2024-12-27 10:15:16
103,36,1735294550,2024-12-27 10:15:50
104,36,1735300290,2024-12-27 11:51:30
105,47,1735304019,2024-12-27 12:53:39
106,45,1735306014,2024-12-27 13:26:54
107,36,1735313301,2024-12-27 15:28:21
108,36,1735313544,2024-12-27 15:32:24
109,36,1735314367,2024-12-27 15:46:07
110,36,1735314478,2024-12-27 15:47:58
111,36,1735314797,2024-12-27 15:53:17
112,36,1735314805,2024-12-27 15:53:25
113,36,1735314880,2024-12-27 15:54:40
114,36,1735316616,2024-12-27 16:23:36
115,36,1735317323,2024-12-27 16:35:23
116,25,1735323535,2024-12-27 18:18:55
117,31,1735323651,2024-12-27 18:20:51
120,42,1735323792,2024-12-27 18:23:12
121,41,1735413424,2024-12-28 19:17:04
122,49,1735499125,2024-12-29 19:05:25
123,49,1735499352,2024-12-29 19:09:12
124,50,1735550908,2024-12-30 09:28:28
125,24,1735624936,2024-12-31 06:02:16
126,42,1735658022,2024-12-31 15:13:42
127,50,1735665615,2024-12-31 17:20:15
128,50,1735665631,2024-12-31 17:20:31
129,42,1735816608,2025-01-02 11:16:48
130,51,1735818995,2025-01-02 11:56:35
131,31,1735819868,2025-01-02 12:11:08
132,25,1735819980,2025-01-02 12:13:00
133,52,1735823911,2025-01-02 13:18:31
134,52,1735838319,2025-01-02 17:18:39
135,52,1735838539,2025-01-02 17:22:19
136,52,1735840319,2025-01-02 17:51:59
137,52,1735840851,2025-01-02 18:00:51
138,53,1735844964,2025-01-02 19:09:24
139,54,1735848084,2025-01-02 20:01:24
140,25,1735879776,2025-01-03 04:49:36
141,31,1735879898,2025-01-03 04:51:38
142,55,1735910834,2025-01-03 13:27:14
143,56,1735913896,2025-01-03 14:18:16
144,57,1736018568,2025-01-04 19:22:48
145,47,1736020488,2025-01-04 19:54:48
146,58,1736032501,2025-01-04 23:15:01
147,59,1736068871,2025-01-05 09:21:11
148,59,1736070743,2025-01-05 09:52:23
149,59,1736071105,2025-01-05 09:58:25
150,59,1736083154,2025-01-05 13:19:14
151,59,1736085356,2025-01-05 13:55:56
152,59,1736085594,2025-01-05 13:59:54
153,59,1736151997,2025-01-06 08:26:37
154,59,1736158385,2025-01-06 10:13:05
155,59,1736174389,2025-01-06 14:39:49
156,60,1736179666,2025-01-06 16:07:46
157,42,1736186473,2025-01-06 18:01:13
158,59,1736225502,2025-01-07 04:51:42
159,59,1736236354,2025-01-07 07:52:34
160,59,1736243795,2025-01-07 09:56:35
161,51,1736245234,2025-01-07 10:20:34
162,47,1736250641,2025-01-07 11:50:41
166,47,1736344689,2025-01-08 13:58:09
167,63,1736350480,2025-01-08 15:34:40
168,63,1736351419,2025-01-08 15:50:19
169,64,1736356228,2025-01-08 17:10:28
170,51,1736442503,2025-01-09 17:08:23
171,64,1736442632,2025-01-09 17:10:32
172,63,1736461198,2025-01-09 22:19:58
173,59,1736485375,2025-01-10 05:02:55
174,65,1736493575,2025-01-10 07:19:35
175,25,1736498069,2025-01-10 08:34:29
176,31,1736498249,2025-01-10 08:37:29
177,65,1736509737,2025-01-10 11:48:57
178,65,1736509934,2025-01-10 11:52:14
179,65,1736509985,2025-01-10 11:53:05
180,65,1736510029,2025-01-10 11:53:49
181,47,1736510804,2025-01-10 12:06:44
182,47,1736513816,2025-01-10 12:56:56
183,47,1736513953,2025-01-10 12:59:13
184,73,1736519039,2025-01-10 14:23:59
185,74,1736519099,2025-01-10 14:24:59
186,74,1736519138,2025-01-10 14:25:38
187,74,1736519177,2025-01-10 14:26:17
188,25,1736576076,2025-01-11 06:14:36
189,75,1736579557,2025-01-11 07:12:37
190,76,1736652188,2025-01-12 03:23:08
191,65,1736673484,2025-01-12 09:18:04
192,77,1736674165,2025-01-12 09:29:25
193,77,1736674255,2025-01-12 09:30:55
194,65,1736674297,2025-01-12 09:31:37
195,78,1736674888,2025-01-12 09:41:28
196,79,1736675783,2025-01-12 09:56:23
197,79,1736675824,2025-01-12 09:57:04
198,80,1736676078,2025-01-12 10:01:18
199,81,1736676253,2025-01-12 10:04:13
200,82,1736676422,2025-01-12 10:07:02
201,83,1736676643,2025-01-12 10:10:43
202,84,1736676769,2025-01-12 10:12:49
203,85,1736676850,2025-01-12 10:14:10
204,86,1736677121,2025-01-12 10:18:41
205,87,1736677390,2025-01-12 10:23:10
206,88,1736678894,2025-01-12 10:48:14
207,89,1736679193,2025-01-12 10:53:13
208,90,1736699317,2025-01-12 16:28:37
209,91,1736699520,2025-01-12 16:32:00
210,92,1736699655,2025-01-12 16:34:15
211,64,1736748032,2025-01-13 06:00:32
212,75,1736753314,2025-01-13 07:28:34
213,51,1736754724,2025-01-13 07:52:04
214,42,1736755052,2025-01-13 07:57:32
215,31,1736755148,2025-01-13 07:59:08
216,25,1736755252,2025-01-13 08:00:52
217,93,1736758578,2025-01-13 08:56:18
218,94,1736758676,2025-01-13 08:57:56
219,95,1736758760,2025-01-13 08:59:20
220,96,1736758841,2025-01-13 09:00:41
221,65,1736758944,2025-01-13 09:02:24
222,65,1736758956,2025-01-13 09:02:36
223,97,1736759910,2025-01-13 09:18:30
224,98,1736760117,2025-01-13 09:21:57
225,99,1736760253,2025-01-13 09:24:13
226,100,1736760708,2025-01-13 09:31:48
227,101,1736764398,2025-01-13 10:33:18
228,102,1736815228,2025-01-14 00:40:28
229,102,1736829010,2025-01-14 04:30:10
230,47,1736857356,2025-01-14 12:22:36
231,25,1736878513,2025-01-14 18:15:13
232,31,1736878549,2025-01-14 18:15:49
235,50,1736878628,2025-01-14 18:17:08
236,51,1736878676,2025-01-14 18:17:56
237,47,1736883301,2025-01-14 19:35:01
238,103,1736888035,2025-01-14 20:53:55
239,104,1736888275,2025-01-14 20:57:55
240,105,1736920819,2025-01-15 06:00:19
241,106,1736930442,2025-01-15 08:40:42
242,106,1736935461,2025-01-15 10:04:21
243,47,1736949312,2025-01-15 13:55:12
244,107,1736953686,2025-01-15 15:08:06
245,107,1736953703,2025-01-15 15:08:23
246,75,1736963285,2025-01-15 17:48:05
247,106,1736987098,2025-01-16 00:24:58
248,106,1737001943,2025-01-16 04:32:23
249,108,1737013376,2025-01-16 07:42:56
250,109,1737025260,2025-01-16 11:01:00
251,75,1737032366,2025-01-16 12:59:26
252,109,1737032638,2025-01-16 13:03:58
253,64,1737032801,2025-01-16 13:06:41
254,110,1737071494,2025-01-16 23:51:34
255,110,1737071851,2025-01-16 23:57:31
256,110,1737072486,2025-01-17 00:08:06
257,110,1737077914,2025-01-17 01:38:34
258,110,1737082005,2025-01-17 02:46:45
259,110,1737084573,2025-01-17 03:29:33
260,110,1737084986,2025-01-17 03:36:26
261,110,1737085040,2025-01-17 03:37:20
262,110,1737085123,2025-01-17 03:38:43
263,110,1737086875,2025-01-17 04:07:55
264,110,1737088892,2025-01-17 04:41:32
265,110,1737089532,2025-01-17 04:52:12
266,110,1737103767,2025-01-17 08:49:27
267,111,1737109941,2025-01-17 10:32:21
268,111,1737118882,2025-01-17 13:01:22
269,76,1737122682,2025-01-17 14:04:42
270,76,1737131754,2025-01-17 16:35:54
271,112,1737139251,2025-01-17 18:40:51
272,112,1737140046,2025-01-17 18:54:06
273,112,1737140488,2025-01-17 19:01:28
274,112,1737140829,2025-01-17 19:07:09
275,112,1737140841,2025-01-17 19:07:21
276,112,1737140909,2025-01-17 19:08:29
277,112,1737141141,2025-01-17 19:12:21
278,112,1737141258,2025-01-17 19:14:18
279,112,1737141331,2025-01-17 19:15:31
280,112,1737141523,2025-01-17 19:18:43
281,112,1737141739,2025-01-17 19:22:19
282,112,1737141841,2025-01-17 19:24:01
283,112,1737141962,2025-01-17 19:26:02
284,112,1737143201,2025-01-17 19:46:41
285,112,1737145004,2025-01-17 20:16:44
286,111,1737173077,2025-01-18 04:04:37
287,110,1737210238,2025-01-18 14:23:58
288,110,1737210491,2025-01-18 14:28:11
289,110,1737262867,2025-01-19 05:01:07
290,109,1737339982,2025-01-20 02:26:22
291,109,1737340090,2025-01-20 02:28:10
292,113,1737340790,2025-01-20 02:39:50
293,114,1737341048,2025-01-20 02:44:08
294,115,1737341178,2025-01-20 02:46:18
295,31,1737348628,2025-01-20 04:50:28
296,25,1737348691,2025-01-20 04:51:31
297,115,1737349083,2025-01-20 04:58:03
298,75,1737349237,2025-01-20 05:00:37
299,64,1737349416,2025-01-20 05:03:36
300,51,1737349458,2025-01-20 05:04:18
301,110,1737353596,2025-01-20 06:13:16
302,31,1737385417,2025-01-20 15:03:37
303,75,1737385527,2025-01-20 15:05:27
304,115,1737385779,2025-01-20 15:09:39
305,75,1737386034,2025-01-20 15:13:54
306,31,1737386120,2025-01-20 15:15:20
307,55,1737386265,2025-01-20 15:17:45
308,116,1737388310,2025-01-20 15:51:50
309,117,1737389061,2025-01-20 16:04:21
310,110,1737422437,2025-01-21 01:20:37
311,115,1737449859,2025-01-21 08:57:39
312,115,1737478954,2025-01-21 17:02:34
313,75,1737479010,2025-01-21 17:03:30
314,109,1737479099,2025-01-21 17:04:59
315,113,1737479146,2025-01-21 17:05:46
316,118,1737526083,2025-01-22 06:08:03
317,118,1737532815,2025-01-22 08:00:15
318,118,1737543465,2025-01-22 10:57:45
319,47,1737548470,2025-01-22 12:21:10
320,119,1737593610,2025-01-23 00:53:30
321,118,1737596125,2025-01-23 01:35:25
322,118,1737596523,2025-01-23 01:42:03
323,120,1737603044,2025-01-23 03:30:44
324,121,1737604573,2025-01-23 03:56:13
325,122,1737604687,2025-01-23 03:58:07
326,119,1737609951,2025-01-23 05:25:51
327,123,1737649602,2025-01-23 16:26:42
328,118,1737690013,2025-01-24 03:40:13
329,118,1737694730,2025-01-24 04:58:50
330,118,1737699545,2025-01-24 06:19:05
331,118,1737700764,2025-01-24 06:39:24
332,118,1737701900,2025-01-24 06:58:20
333,118,1737703015,2025-01-24 07:16:55
334,118,1737703986,2025-01-24 07:33:06
335,118,1737706380,2025-01-24 08:13:00
336,124,1737736657,2025-01-24 16:37:37
337,125,1737836101,2025-01-25 20:15:01
338,118,1737855546,2025-01-26 01:39:06
339,126,1737883658,2025-01-26 09:27:38
340,126,1737883701,2025-01-26 09:28:21
341,118,1737946936,2025-01-27 03:02:16
342,126,1737971081,2025-01-27 09:44:41
343,126,1737971204,2025-01-27 09:46:44
344,126,1737971415,2025-01-27 09:50:15
345,126,1737971442,2025-01-27 09:50:42
346,126,1737971448,2025-01-27 09:50:48
347,126,1737971468,2025-01-27 09:51:08
348,126,1737971993,2025-01-27 09:59:53
349,126,1737972358,2025-01-27 10:05:58
350,126,1737972359,2025-01-27 10:05:59
351,126,1737972375,2025-01-27 10:06:15
352,126,1737972376,2025-01-27 10:06:16
353,126,1737973197,2025-01-27 10:19:57
354,127,1737976484,2025-01-27 11:14:44
355,128,1737976564,2025-01-27 11:16:04
356,129,1738005276,2025-01-27 19:14:36
357,130,1738054632,2025-01-28 08:57:12
358,119,1738067249,2025-01-28 12:27:29
359,131,1738067617,2025-01-28 12:33:37
360,31,1738068839,2025-01-28 12:53:59
361,25,1738068890,2025-01-28 12:54:50
362,130,1738114657,2025-01-29 01:37:37
363,130,1738123640,2025-01-29 04:07:20
364,130,1738123662,2025-01-29 04:07:42
365,130,1738124349,2025-01-29 04:19:09
366,124,1738126550,2025-01-29 04:55:50
367,124,1738126585,2025-01-29 04:56:25
368,132,1738137224,2025-01-29 07:53:44
369,133,1738212797,2025-01-30 04:53:17
370,114,1738258290,2025-01-30 17:31:30
371,113,1738258347,2025-01-30 17:32:27
372,131,1738258448,2025-01-30 17:34:08
373,119,1738258530,2025-01-30 17:35:30
374,113,1738259357,2025-01-30 17:49:17
375,128,1738288061,2025-01-31 01:47:41
376,127,1738292920,2025-01-31 03:08:40
377,134,1738316978,2025-01-31 09:49:38
378,135,1738355938,2025-01-31 20:38:58
379,136,1738355980,2025-01-31 20:39:40
380,136,1738358476,2025-01-31 21:21:16
381,136,1738413100,2025-02-01 12:31:40
382,136,1738413803,2025-02-01 12:43:23
383,24,1738433578,2025-02-01 18:12:58
384,24,1738433698,2025-02-01 18:14:58
385,136,1738433710,2025-02-01 18:15:10
386,24,1738433716,2025-02-01 18:15:16
387,110,1738434407,2025-02-01 18:26:47
388,136,1738436081,2025-02-01 18:54:41
389,110,1738436286,2025-02-01 18:58:06
390,135,1738436396,2025-02-01 18:59:56
391,136,1738437218,2025-02-01 19:13:38
392,136,1738439070,2025-02-01 19:44:30
393,136,1738439398,2025-02-01 19:49:58
394,136,1738440973,2025-02-01 20:16:13
395,136,1738442454,2025-02-01 20:40:54
396,136,1738513492,2025-02-02 16:24:52
397,137,1738525719,2025-02-02 19:48:39
398,112,1738574426,2025-02-03 09:20:26
399,137,1738575429,2025-02-03 09:37:09
400,137,1738575483,2025-02-03 09:38:03
401,138,1738600286,2025-02-03 16:31:26
402,137,1738608685,2025-02-03 18:51:25
403,139,1738633410,2025-02-04 01:43:30
404,139,1738638534,2025-02-04 03:08:54
405,139,1738641478,2025-02-04 03:57:58
406,139,1738643903,2025-02-04 04:38:23
407,139,1738644645,2025-02-04 04:50:45
408,139,1738646362,2025-02-04 05:19:22
409,139,1738648518,2025-02-04 05:55:18
410,139,1738651538,2025-02-04 06:45:38
411,139,1738665282,2025-02-04 10:34:42
412,137,1738667008,2025-02-04 11:03:28
413,137,1738667320,2025-02-04 11:08:40
414,137,1738667402,2025-02-04 11:10:02
415,137,1738667620,2025-02-04 11:13:40
416,137,1738667627,2025-02-04 11:13:47
417,139,1738671139,2025-02-04 12:12:19
418,138,1738672699,2025-02-04 12:38:19
419,139,1738675891,2025-02-04 13:31:31
420,140,1738676689,2025-02-04 13:44:49
421,140,1738678016,2025-02-04 14:06:56
422,138,1738678726,2025-02-04 14:18:46
423,138,1738678945,2025-02-04 14:22:25
424,138,1738678958,2025-02-04 14:22:38
425,138,1738687613,2025-02-04 16:46:53
426,138,1738715480,2025-02-05 00:31:20
427,139,1738717934,2025-02-05 01:12:14
428,112,1738719227,2025-02-05 01:33:47
429,139,1738719914,2025-02-05 01:45:14
430,139,1738721259,2025-02-05 02:07:39
431,31,1738722679,2025-02-05 02:31:19
432,25,1738722731,2025-02-05 02:32:11
433,138,1738733061,2025-02-05 05:24:21
434,138,1738734525,2025-02-05 05:48:45
435,141,1738735608,2025-02-05 06:06:48
436,51,1738736115,2025-02-05 06:15:15
437,138,1738736260,2025-02-05 06:17:40
438,119,1738736305,2025-02-05 06:18:25
439,142,1738736359,2025-02-05 06:19:19
440,131,1738736510,2025-02-05 06:21:50
441,115,1738736719,2025-02-05 06:25:19
442,114,1738736795,2025-02-05 06:26:35
443,113,1738737201,2025-02-05 06:33:21
444,143,1738737387,2025-02-05 06:36:27
445,109,1738737424,2025-02-05 06:37:04
446,75,1738737619,2025-02-05 06:40:19
447,114,1738737749,2025-02-05 06:42:29
448,113,1738737820,2025-02-05 06:43:40
449,144,1738741715,2025-02-05 07:48:35
450,144,1738741785,2025-02-05 07:49:45
451,138,1738757475,2025-02-05 12:11:15
452,138,1738759268,2025-02-05 12:41:08
453,144,1738763629,2025-02-05 13:53:49
454,138,1738768036,2025-02-05 15:07:16
455,138,1738768623,2025-02-05 15:17:03
456,138,1738769324,2025-02-05 15:28:44
457,144,1738771287,2025-02-05 16:01:27
458,138,1738771882,2025-02-05 16:11:22
459,138,1738809386,2025-02-06 02:36:26
460,144,1738818622,2025-02-06 05:10:22
461,138,1738826666,2025-02-06 07:24:26
462,138,1738826853,2025-02-06 07:27:33
463,144,1738831128,2025-02-06 08:38:48
464,144,1738833504,2025-02-06 09:18:24
465,135,1738840305,2025-02-06 11:11:45
466,144,1738840854,2025-02-06 11:20:54
467,135,1738841290,2025-02-06 11:28:10
468,59,1738855488,2025-02-06 15:24:48
469,135,1738860931,2025-02-06 16:55:31
470,138,1738897545,2025-02-07 03:05:45
471,144,1738914410,2025-02-07 07:46:50
472,138,1738931477,2025-02-07 12:31:17
473,138,1738939935,2025-02-07 14:52:15
474,64,1738943365,2025-02-07 15:49:25
475,112,1738947066,2025-02-07 16:51:06
476,144,1738949621,2025-02-07 17:33:41
477,145,1738951646,2025-02-07 18:07:26
478,145,1738952229,2025-02-07 18:17:09
479,146,1738962984,2025-02-07 21:16:24
480,143,1738987146,2025-02-08 03:59:06
481,143,1738992243,2025-02-08 05:24:03
482,143,1738995859,2025-02-08 06:24:19
483,143,1739003946,2025-02-08 08:39:06
484,143,1739006985,2025-02-08 09:29:45
485,143,1739009269,2025-02-08 10:07:49
486,138,1739018856,2025-02-08 12:47:36
487,147,1739068459,2025-02-09 02:34:19
488,147,1739070929,2025-02-09 03:15:29
489,148,1739092311,2025-02-09 09:11:51
490,138,1739104182,2025-02-09 12:29:42
491,149,1739109284,2025-02-09 13:54:44
492,150,1739115475,2025-02-09 15:37:55
493,150,1739115880,2025-02-09 15:44:40
494,150,1739116645,2025-02-09 15:57:25
495,148,1739116678,2025-02-09 15:57:58
496,150,1739123250,2025-02-09 17:47:30
497,150,1739152399,2025-02-10 01:53:19
498,138,1739153336,2025-02-10 02:08:56
499,147,1739159736,2025-02-10 03:55:36
500,112,1739168724,2025-02-10 06:25:24
501,131,1739169228,2025-02-10 06:33:48
502,118,1739173320,2025-02-10 07:42:00
503,118,1739174304,2025-02-10 07:58:24
504,118,1739174479,2025-02-10 08:01:19
505,118,1739174555,2025-02-10 08:02:35
506,118,1739176156,2025-02-10 08:29:16
507,138,1739178411,2025-02-10 09:06:51
508,118,1739181327,2025-02-10 09:55:27
509,118,1739182329,2025-02-10 10:12:09
510,118,1739183038,2025-02-10 10:23:58
511,118,1739184381,2025-02-10 10:46:21
512,138,1739184621,2025-02-10 10:50:21
513,118,1739187519,2025-02-10 11:38:39
514,118,1739187599,2025-02-10 11:39:59
515,118,1739189636,2025-02-10 12:13:56
516,138,1739199361,2025-02-10 14:56:01
517,149,1739206551,2025-02-10 16:55:51
518,151,1739245141,2025-02-11 03:39:01
519,152,1739245423,2025-02-11 03:43:43
520,153,1739247391,2025-02-11 04:16:31
521,153,1739248741,2025-02-11 04:39:01
522,154,1739250019,2025-02-11 05:00:19
523,155,1739266765,2025-02-11 09:39:25
524,154,1739279013,2025-02-11 13:03:33
525,153,1739279841,2025-02-11 13:17:21
526,24,1739284743,2025-02-11 14:39:03
527,24,1739285137,2025-02-11 14:45:37
528,51,1739296011,2025-02-11 17:46:51
529,115,1739296710,2025-02-11 17:58:30
530,75,1739296745,2025-02-11 17:59:05
531,109,1739296772,2025-02-11 17:59:32
532,113,1739296795,2025-02-11 17:59:55
533,114,1739297339,2025-02-11 18:08:59
534,118,1739328015,2025-02-12 02:40:15
535,156,1739328798,2025-02-12 02:53:18
536,156,1739329333,2025-02-12 03:02:13
537,156,1739329445,2025-02-12 03:04:05
538,24,1739333870,2025-02-12 04:17:50
539,156,1739340471,2025-02-12 06:07:51
540,156,1739341792,2025-02-12 06:29:52
541,156,1739341889,2025-02-12 06:31:29
542,157,1739343378,2025-02-12 06:56:18
543,157,1739348677,2025-02-12 08:24:37
544,157,1739348774,2025-02-12 08:26:14
545,154,1739348921,2025-02-12 08:28:41
546,154,1739349742,2025-02-12 08:42:22
547,154,1739354728,2025-02-12 10:05:28
548,156,1739355653,2025-02-12 10:20:53
549,154,1739356854,2025-02-12 10:40:54
550,36,1739360602,2025-02-12 11:43:22
551,158,1739363452,2025-02-12 12:30:52
552,158,1739363571,2025-02-12 12:32:51
553,158,1739366816,2025-02-12 13:26:56
554,158,1739375636,2025-02-12 15:53:56
555,156,1739377285,2025-02-12 16:21:25
556,156,1739377977,2025-02-12 16:32:57
557,158,1739389403,2025-02-12 19:43:23
558,118,1739401876,2025-02-12 23:11:16
559,153,1739411624,2025-02-13 01:53:44
560,153,1739411742,2025-02-13 01:55:42
561,143,1739412092,2025-02-13 02:01:32
562,158,1739412164,2025-02-13 02:02:44
563,159,1739413289,2025-02-13 02:21:29
564,158,1739414077,2025-02-13 02:34:37
565,159,1739414109,2025-02-13 02:35:09
566,149,1739414193,2025-02-13 02:36:33
567,153,1739414242,2025-02-13 02:37:22
568,139,1739415788,2025-02-13 03:03:08
569,154,1739420157,2025-02-13 04:15:57
570,157,1739424061,2025-02-13 05:21:01
571,154,1739431940,2025-02-13 07:32:20
572,153,1739432896,2025-02-13 07:48:16
573,159,1739432976,2025-02-13 07:49:36
574,158,1739436045,2025-02-13 08:40:45
575,157,1739436656,2025-02-13 08:50:56
576,158,1739438250,2025-02-13 09:17:30
577,154,1739440399,2025-02-13 09:53:19
578,153,1739441626,2025-02-13 10:13:46
579,160,1739444413,2025-02-13 11:00:13
580,153,1739456782,2025-02-13 14:26:22
581,153,1739456819,2025-02-13 14:26:59
582,153,1739456830,2025-02-13 14:27:10
583,153,1739456843,2025-02-13 14:27:23
584,153,1739457418,2025-02-13 14:36:58
585,158,1739461590,2025-02-13 15:46:30
586,158,1739467370,2025-02-13 17:22:50
587,161,1739476412,2025-02-13 19:53:32
588,158,1739494311,2025-02-14 00:51:51
589,159,1739503751,2025-02-14 03:29:11
590,160,1739516638,2025-02-14 07:03:58
591,159,1739527100,2025-02-14 09:58:20
592,158,1739529628,2025-02-14 10:40:28
593,161,1739530439,2025-02-14 10:53:59
594,154,1739535826,2025-02-14 12:23:46
595,154,1739535968,2025-02-14 12:26:08
596,161,1739551975,2025-02-14 16:52:55
597,162,1739559392,2025-02-14 18:56:32
598,160,1739593976,2025-02-15 04:32:56
599,161,1739638345,2025-02-15 16:52:25
600,162,1739640361,2025-02-15 17:26:01
601,162,1739667649,2025-02-16 01:00:49
602,157,1739694373,2025-02-16 08:26:13
603,138,1739698450,2025-02-16 09:34:10
604,138,1739698658,2025-02-16 09:37:38
605,138,1739703592,2025-02-16 10:59:52
606,138,1739705785,2025-02-16 11:36:25
607,162,1739742074,2025-02-16 21:41:14
608,157,1739770808,2025-02-17 05:40:08
609,163,1739774205,2025-02-17 06:36:45
610,164,1739777242,2025-02-17 07:27:22
611,164,1739780605,2025-02-17 08:23:25
612,165,1739786489,2025-02-17 10:01:29
613,157,1739787758,2025-02-17 10:22:38
614,159,1739792573,2025-02-17 11:42:53
615,159,1739799130,2025-02-17 13:32:10
616,159,1739803111,2025-02-17 14:38:31
617,159,1739805758,2025-02-17 15:22:38
618,166,1739814041,2025-02-17 17:40:41
619,162,1739849290,2025-02-18 03:28:10
620,31,1739851069,2025-02-18 03:57:49
621,25,1739851140,2025-02-18 03:59:00
622,75,1739851338,2025-02-18 04:02:18
623,51,1739852674,2025-02-18 04:24:34
624,112,1739852899,2025-02-18 04:28:19
625,119,1739857968,2025-02-18 05:52:48
626,115,1739858034,2025-02-18 05:53:54
627,131,1739858155,2025-02-18 05:55:55
628,114,1739858357,2025-02-18 05:59:17
629,167,1739865630,2025-02-18 08:00:30
630,167,1739870935,2025-02-18 09:28:55
631,159,1739871599,2025-02-18 09:39:59
632,154,1739876701,2025-02-18 11:05:01
633,159,1739878554,2025-02-18 11:35:54
634,159,1739879795,2025-02-18 11:56:35
635,167,1739882462,2025-02-18 12:41:02
636,159,1739883093,2025-02-18 12:51:33
637,154,1739883932,2025-02-18 13:05:32
638,167,1739888757,2025-02-18 14:25:57
639,167,1739890820,2025-02-18 15:00:20
640,167,1739893203,2025-02-18 15:40:03
641,167,1739894588,2025-02-18 16:03:08
642,167,1739913461,2025-02-18 21:17:41
643,167,1739913487,2025-02-18 21:18:07
644,167,1739913906,2025-02-18 21:25:06
645,162,1739919393,2025-02-18 22:56:33
646,167,1739923803,2025-02-19 00:10:03
647,167,1739926229,2025-02-19 00:50:29
648,167,1739927574,2025-02-19 01:12:54
649,167,1739928510,2025-02-19 01:28:30
650,168,1739940000,2025-02-19 04:40:00
651,169,1739941482,2025-02-19 05:04:42
652,169,1739942737,2025-02-19 05:25:37
653,168,1739945127,2025-02-19 06:05:27
654,168,1739945528,2025-02-19 06:12:08
655,154,1739947693,2025-02-19 06:48:13
656,168,1739948877,2025-02-19 07:07:57
657,168,1739949220,2025-02-19 07:13:40
658,169,1739949774,2025-02-19 07:22:54
659,169,1739949855,2025-02-19 07:24:15
660,169,1739950637,2025-02-19 07:37:17
661,168,1739957372,2025-02-19 09:29:32
662,169,1739967304,2025-02-19 12:15:04
663,169,1739970845,2025-02-19 13:14:05
664,162,1739979687,2025-02-19 15:41:27
665,162,1740000379,2025-02-19 21:26:19
666,168,1740027123,2025-02-20 04:52:03
667,168,1740028219,2025-02-20 05:10:19
668,168,1740036123,2025-02-20 07:22:03
669,168,1740036748,2025-02-20 07:32:28
670,168,1740048870,2025-02-20 10:54:30
671,168,1740054626,2025-02-20 12:30:26
672,112,1740059146,2025-02-20 13:45:46
673,154,1740063904,2025-02-20 15:05:04
674,25,1740075208,2025-02-20 18:13:28
675,31,1740075241,2025-02-20 18:14:01
676,115,1740075780,2025-02-20 18:23:00
677,75,1740075829,2025-02-20 18:23:49
678,162,1740087106,2025-02-20 21:31:46
679,162,1740098506,2025-02-21 00:41:46
680,162,1740108404,2025-02-21 03:26:44
681,160,1740110560,2025-02-21 04:02:40
682,162,1740157927,2025-02-21 17:12:07
683,162,1740174490,2025-02-21 21:48:10
684,162,1740176232,2025-02-21 22:17:12
685,162,1740176855,2025-02-21 22:27:35
686,162,1740187199,2025-02-22 01:19:59
687,170,1740219287,2025-02-22 10:14:47
688,162,1740253817,2025-02-22 19:50:17
689,157,1740329700,2025-02-23 16:55:00
690,162,1740345447,2025-02-23 21:17:27
691,170,1740359994,2025-02-24 01:19:54
692,162,1740365316,2025-02-24 02:48:36
693,154,1740395220,2025-02-24 11:07:00
694,157,1740395374,2025-02-24 11:09:34
695,170,1740402432,2025-02-24 13:07:12
696,157,1740412853,2025-02-24 16:00:53
697,157,1740420593,2025-02-24 18:09:53
698,162,1740424564,2025-02-24 19:16:04
699,171,1740451516,2025-02-25 02:45:16
700,162,1740451947,2025-02-25 02:52:27
701,170,1740457823,2025-02-25 04:30:23
702,154,1740492119,2025-02-25 14:01:59
703,172,1740499691,2025-02-25 16:08:11
704,173,1740503529,2025-02-25 17:12:09
705,157,1740505498,2025-02-25 17:44:58
706,162,1740516095,2025-02-25 20:41:35
707,162,1740539430,2025-02-26 03:10:30
708,170,1740540020,2025-02-26 03:20:20
709,157,1740558893,2025-02-26 08:34:53
710,174,1740598248,2025-02-26 19:30:48
711,174,1740598273,2025-02-26 19:31:13
712,162,1740605478,2025-02-26 21:31:18
713,157,1740612827,2025-02-26 23:33:47
714,175,1740656612,2025-02-27 11:43:32
715,157,1740694055,2025-02-27 22:07:35
716,154,1740717332,2025-02-28 04:35:32
717,24,1740722040,2025-02-28 05:54:00
718,24,1740722979,2025-02-28 06:09:39
719,24,1740722999,2025-02-28 06:09:59
720,24,1740723037,2025-02-28 06:10:37
721,24,1740723052,2025-02-28 06:10:52
722,176,1740725555,2025-02-28 06:52:35
723,176,1740725591,2025-02-28 06:53:11
724,176,1740725642,2025-02-28 06:54:02
725,31,1740727303,2025-02-28 07:21:43
726,25,1740727352,2025-02-28 07:22:32
727,75,1740727571,2025-02-28 07:26:11
728,131,1740727629,2025-02-28 07:27:09
729,131,1740727708,2025-02-28 07:28:28
730,119,1740727803,2025-02-28 07:30:03
731,115,1740727857,2025-02-28 07:30:57
732,113,1740727904,2025-02-28 07:31:44
733,114,1740727992,2025-02-28 07:33:12
734,64,1740728072,2025-02-28 07:34:32
735,51,1740728177,2025-02-28 07:36:17
736,112,1740728422,2025-02-28 07:40:22
737,154,1740729334,2025-02-28 07:55:34
738,177,1740730622,2025-02-28 08:17:02
739,154,1740730722,2025-02-28 08:18:42
740,177,1740730982,2025-02-28 08:23:02
741,178,1740770358,2025-02-28 19:19:18
742,179,1740836853,2025-03-01 13:47:33
743,180,1740836887,2025-03-01 13:48:07
744,181,1740845378,2025-03-01 16:09:38
745,157,1740883225,2025-03-02 02:40:25
746,182,1740889649,2025-03-02 04:27:29
747,182,1740892233,2025-03-02 05:10:33
748,182,1740892670,2025-03-02 05:17:50
749,182,1740892683,2025-03-02 05:18:03
750,182,1740896360,2025-03-02 06:19:20
751,182,1740900189,2025-03-02 07:23:09
752,182,1740911875,2025-03-02 10:37:55
753,182,1740912664,2025-03-02 10:51:04
754,182,1740913419,2025-03-02 11:03:39
755,182,1740913444,2025-03-02 11:04:04
756,182,1740914809,2025-03-02 11:26:49
757,182,1740914857,2025-03-02 11:27:37
758,182,1740916511,2025-03-02 11:55:11
759,182,1740919503,2025-03-02 12:45:03
760,182,1740919647,2025-03-02 12:47:27
761,182,1740919787,2025-03-02 12:49:47
762,182,1740920042,2025-03-02 12:54:02
763,182,1740920221,2025-03-02 12:57:01
764,182,1740920378,2025-03-02 12:59:38
765,182,1740920660,2025-03-02 13:04:20
766,182,1740920978,2025-03-02 13:09:38
767,182,1740921300,2025-03-02 13:15:00
768,182,1740921387,2025-03-02 13:16:27
769,182,1740921481,2025-03-02 13:18:01
770,182,1740921585,2025-03-02 13:19:45
771,182,1740921669,2025-03-02 13:21:09
772,182,1740922609,2025-03-02 13:36:49
773,182,1740923624,2025-03-02 13:53:44
774,182,1740924130,2025-03-02 14:02:10
775,182,1740954575,2025-03-02 22:29:35
776,182,1740959518,2025-03-02 23:51:58
777,170,1740963902,2025-03-03 01:05:02
778,182,1740969468,2025-03-03 02:37:48
779,182,1740973769,2025-03-03 03:49:29
780,182,1740980473,2025-03-03 05:41:13
781,182,1740991824,2025-03-03 08:50:24
782,182,1740992067,2025-03-03 08:54:27
783,183,1741000897,2025-03-03 11:21:37
784,184,1741011115,2025-03-03 14:11:55
785,183,1741013792,2025-03-03 14:56:32
786,182,1741016511,2025-03-03 15:41:51
787,183,1741057031,2025-03-04 02:57:11
788,182,1741064339,2025-03-04 04:58:59
789,183,1741064442,2025-03-04 05:00:42
790,182,1741078784,2025-03-04 08:59:44
791,182,1741079100,2025-03-04 09:05:00
792,183,1741080555,2025-03-04 09:29:15
793,183,1741080578,2025-03-04 09:29:38
794,185,1741080646,2025-03-04 09:30:46
795,182,1741080801,2025-03-04 09:33:21
796,182,1741087793,2025-03-04 11:29:53
797,182,1741088992,2025-03-04 11:49:52
798,182,1741094047,2025-03-04 13:14:07
799,182,1741103045,2025-03-04 15:44:05
800,182,1741116042,2025-03-04 19:20:42
801,182,1741117658,2025-03-04 19:47:38
802,182,1741154475,2025-03-05 06:01:15
803,24,1741154755,2025-03-05 06:05:55
804,186,1741166947,2025-03-05 09:29:07
805,186,1741168910,2025-03-05 10:01:50
806,36,1741170982,2025-03-05 10:36:22
807,154,1741172152,2025-03-05 10:55:52
808,186,1741177955,2025-03-05 12:32:35
809,186,1741178318,2025-03-05 12:38:38
810,182,1741178324,2025-03-05 12:38:44
811,186,1741179028,2025-03-05 12:50:28
812,186,1741183097,2025-03-05 13:58:17
813,182,1741189421,2025-03-05 15:43:41
814,182,1741224974,2025-03-06 01:36:14
815,182,1741226331,2025-03-06 01:58:51
816,187,1741231469,2025-03-06 03:24:29
817,154,1741238206,2025-03-06 05:16:46
818,186,1741243193,2025-03-06 06:39:53
819,156,1741249052,2025-03-06 08:17:32
820,112,1741250755,2025-03-06 08:45:55
821,112,1741251011,2025-03-06 08:50:11
822,188,1741256233,2025-03-06 10:17:13
823,182,1741265868,2025-03-06 12:57:48
824,182,1741274117,2025-03-06 15:15:17
825,157,1741285838,2025-03-06 18:30:38
826,182,1741308679,2025-03-07 00:51:19
827,182,1741313174,2025-03-07 02:06:14
828,189,1741339885,2025-03-07 09:31:25
829,179,1741382123,2025-03-07 21:15:23
830,182,1741396633,2025-03-08 01:17:13
831,157,1741425013,2025-03-08 09:10:13
832,182,1741426743,2025-03-08 09:39:03
833,182,1741444166,2025-03-08 14:29:26
834,182,1741485680,2025-03-09 02:01:20
835,182,1741503470,2025-03-09 06:57:50
836,182,1741518466,2025-03-09 11:07:46
837,182,1741560572,2025-03-09 22:49:32
838,112,1741567412,2025-03-10 00:43:32
839,190,1741567579,2025-03-10 00:46:19
840,188,1741567782,2025-03-10 00:49:42
841,25,1741567924,2025-03-10 00:52:04
842,131,1741568037,2025-03-10 00:53:57
843,191,1741569208,2025-03-10 01:13:28
844,182,1741569652,2025-03-10 01:20:52
845,187,1741577194,2025-03-10 03:26:34
846,182,1741578807,2025-03-10 03:53:27
847,182,1741593432,2025-03-10 07:57:12
848,182,1741594888,2025-03-10 08:21:28
849,182,1741597864,2025-03-10 09:11:04
850,182,1741618209,2025-03-10 14:50:09
851,187,1741650095,2025-03-10 23:41:35
852,170,1741654875,2025-03-11 01:01:15
853,182,1741655765,2025-03-11 01:16:05
854,187,1741662061,2025-03-11 03:01:01
855,182,1741662391,2025-03-11 03:06:31
856,192,1741662914,2025-03-11 03:15:14
857,187,1741663026,2025-03-11 03:17:06
858,182,1741663088,2025-03-11 03:18:08
859,192,1741673045,2025-03-11 06:04:05
860,192,1741682754,2025-03-11 08:45:54
861,187,1741682763,2025-03-11 08:46:03
862,36,1741716101,2025-03-11 18:01:41
863,187,1741743127,2025-03-12 01:32:07
864,182,1741744617,2025-03-12 01:56:57
865,192,1741757817,2025-03-12 05:36:57
866,187,1741758105,2025-03-12 05:41:45
867,157,1741764697,2025-03-12 07:31:37
868,187,1741766561,2025-03-12 08:02:41
869,192,1741766695,2025-03-12 08:04:55
870,192,1741772146,2025-03-12 09:35:46
871,187,1741773965,2025-03-12 10:06:05
872,192,1741780609,2025-03-12 11:56:49
873,192,1741782297,2025-03-12 12:24:57
874,24,1741784988,2025-03-12 13:09:48
875,193,1741801304,2025-03-12 17:41:44
876,192,1741827634,2025-03-13 01:00:34
877,192,1741830189,2025-03-13 01:43:09
878,190,1741830312,2025-03-13 01:45:12
879,192,1741830890,2025-03-13 01:54:50
880,188,1741831738,2025-03-13 02:08:58
881,187,1741834824,2025-03-13 03:00:24
882,192,1741834886,2025-03-13 03:01:26
883,187,1741837654,2025-03-13 03:47:34
884,194,1741845021,2025-03-13 05:50:21
885,182,1741845102,2025-03-13 05:51:42
886,187,1741851941,2025-03-13 07:45:41
887,195,1741854048,2025-03-13 08:20:48
888,182,1741863858,2025-03-13 11:04:18
889,193,1741875460,2025-03-13 14:17:40
890,182,1741883050,2025-03-13 16:24:10
891,182,1741912248,2025-03-14 00:30:48
892,182,1741930326,2025-03-14 05:32:06
893,182,1741941679,2025-03-14 08:41:19
894,182,1741941861,2025-03-14 08:44:21
895,182,1741942783,2025-03-14 08:59:43
896,187,1741958561,2025-03-14 13:22:41
897,187,1741961676,2025-03-14 14:14:36
898,187,1741961693,2025-03-14 14:14:53
899,187,1741961742,2025-03-14 14:15:42
900,187,1741963536,2025-03-14 14:45:36
901,192,1741963541,2025-03-14 14:45:41
902,182,1741964268,2025-03-14 14:57:48
903,24,1741970299,2025-03-14 16:38:19
904,190,1741970476,2025-03-14 16:41:16
905,188,1741970566,2025-03-14 16:42:46
906,182,1742001814,2025-03-15 01:23:34
907,126,1742007676,2025-03-15 03:01:16
908,126,1742008099,2025-03-15 03:08:19
909,126,1742008311,2025-03-15 03:11:51
910,126,1742008576,2025-03-15 03:16:16
911,126,1742008944,2025-03-15 03:22:24
912,126,1742009184,2025-03-15 03:26:24
913,126,1742009782,2025-03-15 03:36:22
914,126,1742011773,2025-03-15 04:09:33
915,126,1742012428,2025-03-15 04:20:28
916,126,1742014847,2025-03-15 05:00:47
917,126,1742014904,2025-03-15 05:01:44
918,126,1742015039,2025-03-15 05:03:59
919,126,1742016728,2025-03-15 05:32:08
920,126,1742018078,2025-03-15 05:54:38
921,126,1742018134,2025-03-15 05:55:34
922,126,1742018136,2025-03-15 05:55:36
923,126,1742018518,2025-03-15 06:01:58
924,182,1742028072,2025-03-15 08:41:12
925,196,1742028721,2025-03-15 08:52:01
926,126,1742029701,2025-03-15 09:08:21
927,126,1742031393,2025-03-15 09:36:33
928,126,1742034522,2025-03-15 10:28:42
929,126,1742036793,2025-03-15 11:06:33
930,182,1742037254,2025-03-15 11:14:14
931,197,1742040172,2025-03-15 12:02:52
932,192,1742040581,2025-03-15 12:09:41
933,126,1742041761,2025-03-15 12:29:21
934,126,1742042501,2025-03-15 12:41:41
935,183,1742043880,2025-03-15 13:04:40
936,185,1742044071,2025-03-15 13:07:51
937,182,1742055572,2025-03-15 16:19:32
938,192,1742057682,2025-03-15 16:54:42
939,187,1742057682,2025-03-15 16:54:42
940,197,1742057701,2025-03-15 16:55:01
941,198,1742064969,2025-03-15 18:56:09
942,126,1742069783,2025-03-15 20:16:23
943,126,1742069807,2025-03-15 20:16:47
944,126,1742069819,2025-03-15 20:16:59
945,199,1742111673,2025-03-16 07:54:33
946,182,1742166997,2025-03-16 23:16:37
947,182,1742171609,2025-03-17 00:33:29
948,187,1742177977,2025-03-17 02:19:37
949,187,1742178921,2025-03-17 02:35:21
950,192,1742178921,2025-03-17 02:35:21
951,199,1742180521,2025-03-17 03:02:01
952,197,1742183070,2025-03-17 03:44:30
953,192,1742183109,2025-03-17 03:45:09
954,187,1742183109,2025-03-17 03:45:09
955,192,1742183172,2025-03-17 03:46:12
956,187,1742183308,2025-03-17 03:48:28
957,199,1742184442,2025-03-17 04:07:22
958,199,1742184497,2025-03-17 04:08:17
959,199,1742188286,2025-03-17 05:11:26
960,192,1742188930,2025-03-17 05:22:10
961,197,1742191281,2025-03-17 06:01:21
962,192,1742191281,2025-03-17 06:01:21
963,187,1742191281,2025-03-17 06:01:21
964,195,1742192216,2025-03-17 06:16:56
965,200,1742194247,2025-03-17 06:50:47
966,199,1742195004,2025-03-17 07:03:24
967,200,1742197299,2025-03-17 07:41:39
968,182,1742198540,2025-03-17 08:02:20
969,200,1742198614,2025-03-17 08:03:34
970,200,1742198669,2025-03-17 08:04:29
971,200,1742199195,2025-03-17 08:13:15
972,200,1742199754,2025-03-17 08:22:34
973,200,1742199967,2025-03-17 08:26:07
974,200,1742200007,2025-03-17 08:26:47
975,200,1742200399,2025-03-17 08:33:19
976,200,1742200477,2025-03-17 08:34:37
977,201,1742201299,2025-03-17 08:48:19
978,201,1742201379,2025-03-17 08:49:39
979,201,1742201609,2025-03-17 08:53:29
980,182,1742201947,2025-03-17 08:59:07
981,200,1742202379,2025-03-17 09:06:19
982,200,1742202593,2025-03-17 09:09:53
983,200,1742202687,2025-03-17 09:11:27
984,201,1742202715,2025-03-17 09:11:55
985,200,1742203245,2025-03-17 09:20:45
986,200,1742203999,2025-03-17 09:33:19
987,200,1742204318,2025-03-17 09:38:38
988,200,1742205457,2025-03-17 09:57:37
989,200,1742207665,2025-03-17 10:34:25
990,200,1742209901,2025-03-17 11:11:41
991,200,1742212765,2025-03-17 11:59:25
992,200,1742216302,2025-03-17 12:58:22
993,182,1742217349,2025-03-17 13:15:49
994,182,1742221704,2025-03-17 14:28:24
995,182,1742225412,2025-03-17 15:30:12
996,182,1742240520,2025-03-17 19:42:00
997,182,1742240536,2025-03-17 19:42:16
998,182,1742250999,2025-03-17 22:36:39
999,182,1742258487,2025-03-18 00:41:27
1000,182,1742259136,2025-03-18 00:52:16
1001,200,1742260454,2025-03-18 01:14:14
1002,197,1742265083,2025-03-18 02:31:23
1003,192,1742265372,2025-03-18 02:36:12
1004,187,1742265392,2025-03-18 02:36:32
1005,191,1742291380,2025-03-18 09:49:40
1006,182,1742291487,2025-03-18 09:51:27
1007,200,1742296349,2025-03-18 11:12:29
1008,200,1742296389,2025-03-18 11:13:09
1009,182,1742309554,2025-03-18 14:52:34
1010,115,1742315710,2025-03-18 16:35:10
1011,200,1742316128,2025-03-18 16:42:08
1012,182,1742337528,2025-03-18 22:38:48
1013,182,1742344070,2025-03-19 00:27:50
1014,195,1742346993,2025-03-19 01:16:33
1015,25,1742348826,2025-03-19 01:47:06
1016,202,1742357614,2025-03-19 04:13:34
1017,202,1742357682,2025-03-19 04:14:42
1018,202,1742357950,2025-03-19 04:19:10
1019,202,1742359714,2025-03-19 04:48:34
1020,200,1742367300,2025-03-19 06:55:00
1021,200,1742369104,2025-03-19 07:25:04
1022,75,1742374162,2025-03-19 08:49:22
1023,131,1742374245,2025-03-19 08:50:45
1024,114,1742374311,2025-03-19 08:51:51
1025,24,1742374878,2025-03-19 09:01:18
1026,202,1742375733,2025-03-19 09:15:33
1027,195,1742379165,2025-03-19 10:12:45
1028,188,1742379828,2025-03-19 10:23:48
1029,190,1742380093,2025-03-19 10:28:13
1030,202,1742381008,2025-03-19 10:43:28
1031,200,1742381298,2025-03-19 10:48:18
1032,182,1742383052,2025-03-19 11:17:32
1033,203,1742389183,2025-03-19 12:59:43
1034,202,1742390999,2025-03-19 13:29:59
1035,203,1742392527,2025-03-19 13:55:27
1036,195,1742393862,2025-03-19 14:17:42
1037,114,1742394808,2025-03-19 14:33:28
1038,31,1742395222,2025-03-19 14:40:22
1039,200,1742395725,2025-03-19 14:48:45
1040,203,1742395843,2025-03-19 14:50:43
1041,182,1742397146,2025-03-19 15:12:26
1042,204,1742400551,2025-03-19 16:09:11
1043,64,1742402517,2025-03-19 16:41:57
1044,31,1742402617,2025-03-19 16:43:37
1045,131,1742402706,2025-03-19 16:45:06
1046,31,1742402738,2025-03-19 16:45:38
1047,64,1742402767,2025-03-19 16:46:07
1048,31,1742402787,2025-03-19 16:46:27
1049,131,1742402818,2025-03-19 16:46:58
1050,31,1742402843,2025-03-19 16:47:23
1051,64,1742402876,2025-03-19 16:47:56
1052,31,1742402908,2025-03-19 16:48:28
1053,112,1742402960,2025-03-19 16:49:20
1054,200,1742404387,2025-03-19 17:13:07
1055,204,1742404432,2025-03-19 17:13:52
1056,203,1742419031,2025-03-19 21:17:11
1057,203,1742421601,2025-03-19 22:00:01
1058,182,1742424423,2025-03-19 22:47:03
1059,182,1742429581,2025-03-20 00:13:01
1060,182,1742441136,2025-03-20 03:25:36
1061,197,1742441539,2025-03-20 03:32:19
1062,192,1742441990,2025-03-20 03:39:50
1063,187,1742442131,2025-03-20 03:42:11
1064,182,1742451938,2025-03-20 06:25:38
1065,182,1742452019,2025-03-20 06:26:59
1066,195,1742454248,2025-03-20 07:04:08
1067,64,1742458010,2025-03-20 08:06:50
1068,31,1742458185,2025-03-20 08:09:45
1069,131,1742458297,2025-03-20 08:11:37
1070,31,1742458456,2025-03-20 08:14:16
1071,50,1742458811,2025-03-20 08:20:11
1072,113,1742458972,2025-03-20 08:22:52
1073,75,1742459035,2025-03-20 08:23:55
1074,25,1742459173,2025-03-20 08:26:13
1075,113,1742459364,2025-03-20 08:29:24
1076,113,1742459494,2025-03-20 08:31:34
1077,25,1742459607,2025-03-20 08:33:27
1078,64,1742459971,2025-03-20 08:39:31
1079,131,1742460151,2025-03-20 08:42:31
1080,114,1742460219,2025-03-20 08:43:39
1081,114,1742460313,2025-03-20 08:45:13
1082,190,1742460412,2025-03-20 08:46:52
1083,50,1742460472,2025-03-20 08:47:52
1084,113,1742460499,2025-03-20 08:48:19
1085,131,1742460523,2025-03-20 08:48:43
1086,64,1742460595,2025-03-20 08:49:55
1087,114,1742460636,2025-03-20 08:50:36
1088,24,1742460729,2025-03-20 08:52:09
1089,113,1742461151,2025-03-20 08:59:11
1090,50,1742461262,2025-03-20 09:01:02
1091,114,1742461605,2025-03-20 09:06:45
1092,24,1742461717,2025-03-20 09:08:37
1093,51,1742461827,2025-03-20 09:10:27
1094,190,1742461880,2025-03-20 09:11:20
1095,51,1742461911,2025-03-20 09:11:51
1096,119,1742461954,2025-03-20 09:12:34
1097,188,1742462102,2025-03-20 09:15:02
1098,188,1742462399,2025-03-20 09:19:59
1099,188,1742462439,2025-03-20 09:20:39
1100,188,1742463546,2025-03-20 09:39:06
1101,42,1742463608,2025-03-20 09:40:08
1102,42,1742463648,2025-03-20 09:40:48
1103,51,1742463673,2025-03-20 09:41:13
1104,31,1742463714,2025-03-20 09:41:54
1105,119,1742463752,2025-03-20 09:42:32
1106,31,1742463782,2025-03-20 09:43:02
1107,50,1742463827,2025-03-20 09:43:47
1108,188,1742463852,2025-03-20 09:44:12
1109,75,1742463887,2025-03-20 09:44:47
1110,24,1742463998,2025-03-20 09:46:38
1111,109,1742464067,2025-03-20 09:47:47
1112,51,1742464097,2025-03-20 09:48:17
1113,190,1742464116,2025-03-20 09:48:36
1114,109,1742464135,2025-03-20 09:48:55
1115,109,1742464151,2025-03-20 09:49:11
1116,51,1742464173,2025-03-20 09:49:33
1117,119,1742464198,2025-03-20 09:49:58
1118,188,1742464221,2025-03-20 09:50:21
1119,42,1742464266,2025-03-20 09:51:06
1120,75,1742464309,2025-03-20 09:51:49
1121,188,1742464334,2025-03-20 09:52:14
1122,50,1742464369,2025-03-20 09:52:49
1123,42,1742464392,2025-03-20 09:53:12
1124,188,1742464420,2025-03-20 09:53:40
1125,31,1742464447,2025-03-20 09:54:07
1126,119,1742464489,2025-03-20 09:54:49
1127,64,1742464643,2025-03-20 09:57:23
1128,31,1742464881,2025-03-20 10:01:21
1129,131,1742464929,2025-03-20 10:02:09
1130,205,1742465000,2025-03-20 10:03:20
1131,113,1742465063,2025-03-20 10:04:23
1132,25,1742465126,2025-03-20 10:05:26
1133,50,1742465192,2025-03-20 10:06:32
1134,195,1742465241,2025-03-20 10:07:21
1135,75,1742465332,2025-03-20 10:08:52
1136,42,1742465405,2025-03-20 10:10:05
1137,188,1742465453,2025-03-20 10:10:53
1138,119,1742465494,2025-03-20 10:11:34
1139,115,1742465584,2025-03-20 10:13:04
1140,114,1742465640,2025-03-20 10:14:00
1141,112,1742465680,2025-03-20 10:14:40
1142,190,1742465866,2025-03-20 10:17:46
1143,51,1742465913,2025-03-20 10:18:33
1144,109,1742466019,2025-03-20 10:20:19
1145,112,1742466091,2025-03-20 10:21:31
1146,24,1742466180,2025-03-20 10:23:00
1147,25,1742466234,2025-03-20 10:23:54
1148,114,1742466283,2025-03-20 10:24:43
1149,109,1742466342,2025-03-20 10:25:42
1150,75,1742466389,2025-03-20 10:26:29
1151,31,1742466439,2025-03-20 10:27:19
1152,112,1742467064,2025-03-20 10:37:44
1153,203,1742473787,2025-03-20 12:29:47
1154,112,1742479869,2025-03-20 14:11:09
1155,203,1742481878,2025-03-20 14:44:38
1156,206,1742483424,2025-03-20 15:10:24
1157,182,1742483566,2025-03-20 15:12:46
1158,203,1742501068,2025-03-20 20:04:28
1159,182,1742510132,2025-03-20 22:35:32
1160,200,1742523390,2025-03-21 02:16:30
1161,207,1742524578,2025-03-21 02:36:18
1162,202,1742528050,2025-03-21 03:34:10
1163,200,1742535151,2025-03-21 05:32:31
1164,202,1742541829,2025-03-21 07:23:49
1165,208,1742542046,2025-03-21 07:27:26
1166,208,1742548591,2025-03-21 09:16:31
1167,200,1742550866,2025-03-21 09:54:26
1168,208,1742553420,2025-03-21 10:37:00
1169,203,1742559238,2025-03-21 12:13:58
1170,139,1742575287,2025-03-21 16:41:27
1171,182,1742599983,2025-03-21 23:33:03
1172,139,1742626643,2025-03-22 06:57:23
1173,139,1742628227,2025-03-22 07:23:47
1174,139,1742632457,2025-03-22 08:34:17
1175,139,1742633282,2025-03-22 08:48:02
1176,182,1742642537,2025-03-22 11:22:17
1177,209,1742648810,2025-03-22 13:06:50
1178,209,1742659427,2025-03-22 16:03:47
1179,209,1742669226,2025-03-22 18:47:06
1180,209,1742675288,2025-03-22 20:28:08
1181,209,1742679006,2025-03-22 21:30:06
1182,209,1742689648,2025-03-23 00:27:28
1183,75,1742711378,2025-03-23 06:29:38
1184,210,1742711631,2025-03-23 06:33:51
1185,75,1742711823,2025-03-23 06:37:03
1186,195,1742711884,2025-03-23 06:38:04
1187,25,1742712005,2025-03-23 06:40:05
1188,195,1742712073,2025-03-23 06:41:13
1189,195,1742712095,2025-03-23 06:41:35
1190,25,1742712152,2025-03-23 06:42:32
1191,25,1742712164,2025-03-23 06:42:44
1192,31,1742712215,2025-03-23 06:43:35
1193,195,1742712263,2025-03-23 06:44:23
1194,75,1742712298,2025-03-23 06:44:58
1195,31,1742712307,2025-03-23 06:45:07
1196,25,1742712323,2025-03-23 06:45:23
1197,202,1742724097,2025-03-23 10:01:37
1198,209,1742736441,2025-03-23 13:27:21
1199,209,1742754642,2025-03-23 18:30:42
1200,209,1742758048,2025-03-23 19:27:28
1201,209,1742758977,2025-03-23 19:42:57
1202,209,1742777979,2025-03-24 00:59:39
1203,209,1742779136,2025-03-24 01:18:56
1204,208,1742780299,2025-03-24 01:38:19
1205,187,1742781863,2025-03-24 02:04:23
1206,197,1742782054,2025-03-24 02:07:34
1207,211,1742782289,2025-03-24 02:11:29
1208,192,1742782427,2025-03-24 02:13:47
1209,211,1742783426,2025-03-24 02:30:26
1210,208,1742783573,2025-03-24 02:32:53
1211,208,1742783637,2025-03-24 02:33:57
1212,200,1742786440,2025-03-24 03:20:40
1213,200,1742791891,2025-03-24 04:51:31
1214,208,1742793532,2025-03-24 05:18:52
1215,200,1742798036,2025-03-24 06:33:56
1216,200,1742798374,2025-03-24 06:39:34
1217,200,1742799386,2025-03-24 06:56:26
1218,200,1742800877,2025-03-24 07:21:17
1219,200,1742803691,2025-03-24 08:08:11
1220,200,1742804161,2025-03-24 08:16:01
1221,208,1742804422,2025-03-24 08:20:22
1222,208,1742804539,2025-03-24 08:22:19
1223,24,1742806582,2025-03-24 08:56:22
1224,208,1742808232,2025-03-24 09:23:52
1225,208,1742808458,2025-03-24 09:27:38
1226,208,1742808715,2025-03-24 09:31:55
1227,200,1742808829,2025-03-24 09:33:49
1228,200,1742810616,2025-03-24 10:03:36
1229,202,1742811740,2025-03-24 10:22:20
1230,200,1742812838,2025-03-24 10:40:38
1231,211,1742812922,2025-03-24 10:42:02
1232,200,1742813758,2025-03-24 10:55:58
1233,182,1742815730,2025-03-24 11:28:50
1234,203,1742817799,2025-03-24 12:03:19
1235,209,1742818241,2025-03-24 12:10:41
1236,209,1742818263,2025-03-24 12:11:03
1237,209,1742818390,2025-03-24 12:13:10
1238,200,1742818479,2025-03-24 12:14:39
1239,200,1742821389,2025-03-24 13:03:09
1240,209,1742822052,2025-03-24 13:14:12
1241,202,1742822350,2025-03-24 13:19:10
1242,210,1742824692,2025-03-24 13:58:12
1243,207,1742824793,2025-03-24 13:59:53
1244,210,1742825870,2025-03-24 14:17:50
1245,200,1742826336,2025-03-24 14:25:36
1246,212,1742830204,2025-03-24 15:30:04
1247,200,1742834639,2025-03-24 16:43:59
1248,200,1742835320,2025-03-24 16:55:20
1249,203,1742836610,2025-03-24 17:16:50
1250,209,1742837030,2025-03-24 17:23:50
1251,209,1742838928,2025-03-24 17:55:28
1252,209,1742847209,2025-03-24 20:13:29
1253,200,1742847364,2025-03-24 20:16:04
1254,200,1742857729,2025-03-24 23:08:49
1255,208,1742864242,2025-03-25 00:57:22
1256,207,1742867607,2025-03-25 01:53:27
1257,210,1742868096,2025-03-25 02:01:36
1258,209,1742868156,2025-03-25 02:02:36
1259,200,1742869149,2025-03-25 02:19:09
1260,197,1742869365,2025-03-25 02:22:45
1261,209,1742869889,2025-03-25 02:31:29
1262,209,1742869917,2025-03-25 02:31:57
1263,200,1742877254,2025-03-25 04:34:14
1264,200,1742877416,2025-03-25 04:36:56
1265,208,1742879326,2025-03-25 05:08:46
1266,200,1742881123,2025-03-25 05:38:43
1267,208,1742881243,2025-03-25 05:40:43
1268,24,1742882697,2025-03-25 06:04:57
1269,195,1742882815,2025-03-25 06:06:55
1270,208,1742883247,2025-03-25 06:14:07
1271,188,1742883468,2025-03-25 06:17:48
1272,190,1742883557,2025-03-25 06:19:17
1273,207,1742884391,2025-03-25 06:33:11
1274,195,1742884711,2025-03-25 06:38:31
1275,200,1742889867,2025-03-25 08:04:27
1276,200,1742890579,2025-03-25 08:16:19
1277,200,1742903102,2025-03-25 11:45:02
1278,203,1742906284,2025-03-25 12:38:04
1279,200,1742912154,2025-03-25 14:15:54
1280,200,1742914110,2025-03-25 14:48:30
1281,200,1742916379,2025-03-25 15:26:19
1282,200,1742917652,2025-03-25 15:47:32
1283,55,1742918492,2025-03-25 16:01:32
1284,55,1742918530,2025-03-25 16:02:10
1285,208,1742947756,2025-03-26 00:09:16
1286,213,1742951266,2025-03-26 01:07:46
1287,200,1742952491,2025-03-26 01:28:11
1288,208,1742953727,2025-03-26 01:48:47
1289,213,1742954821,2025-03-26 02:07:01
1290,207,1742967068,2025-03-26 05:31:08
1291,210,1742967867,2025-03-26 05:44:27
1292,214,1742969867,2025-03-26 06:17:47
1293,202,1742970774,2025-03-26 06:32:54
1294,187,1742972253,2025-03-26 06:57:33
1295,192,1742972310,2025-03-26 06:58:30
1296,197,1742972328,2025-03-26 06:58:48
1297,208,1742972846,2025-03-26 07:07:26
1298,208,1742975984,2025-03-26 07:59:44
1299,210,1742984763,2025-03-26 10:26:03
1300,207,1742984853,2025-03-26 10:27:33
1301,195,1742984899,2025-03-26 10:28:19
1302,188,1742985128,2025-03-26 10:32:08
1303,190,1742985277,2025-03-26 10:34:37
1304,112,1742985370,2025-03-26 10:36:10
1305,131,1742985530,2025-03-26 10:38:50
1306,119,1742985665,2025-03-26 10:41:05
1307,115,1742985769,2025-03-26 10:42:49
1308,114,1742985829,2025-03-26 10:43:49
1309,109,1742986026,2025-03-26 10:47:06
1310,75,1742986216,2025-03-26 10:50:16
1311,64,1742986814,2025-03-26 11:00:14
1312,51,1742986896,2025-03-26 11:01:36
1313,42,1742986976,2025-03-26 11:02:56
1314,205,1742987067,2025-03-26 11:04:27
1315,31,1742987129,2025-03-26 11:05:29
1316,25,1742987226,2025-03-26 11:07:06
1317,210,1742988551,2025-03-26 11:29:11
1318,207,1742988971,2025-03-26 11:36:11
1319,209,1742989379,2025-03-26 11:42:59
1320,195,1742989559,2025-03-26 11:45:59
1321,113,1742990733,2025-03-26 12:05:33
1322,113,1742990778,2025-03-26 12:06:18
1323,188,1742990834,2025-03-26 12:07:14
1324,215,1742991039,2025-03-26 12:10:39
1325,190,1742991108,2025-03-26 12:11:48
1326,216,1742991261,2025-03-26 12:14:21
1327,24,1742991379,2025-03-26 12:16:19
1328,203,1742991475,2025-03-26 12:17:55
1329,139,1742991714,2025-03-26 12:21:54
1330,24,1742991831,2025-03-26 12:23:51
1331,217,1742992149,2025-03-26 12:29:09
1332,24,1742992279,2025-03-26 12:31:19
1333,24,1742993035,2025-03-26 12:43:55
1334,112,1742993233,2025-03-26 12:47:13
1335,218,1742993335,2025-03-26 12:48:55
1336,131,1742993429,2025-03-26 12:50:29
1337,119,1742993494,2025-03-26 12:51:34
1338,219,1742993693,2025-03-26 12:54:53
1339,115,1742993895,2025-03-26 12:58:15
1340,114,1742993917,2025-03-26 12:58:37
1341,113,1742993984,2025-03-26 12:59:44
1342,109,1742994031,2025-03-26 13:00:31
1343,75,1742994112,2025-03-26 13:01:52
1344,64,1742994161,2025-03-26 13:02:41
1345,219,1742995223,2025-03-26 13:20:23
1346,203,1743022600,2025-03-26 20:56:40
1347,203,1743022608,2025-03-26 20:56:48
1348,202,1743036831,2025-03-27 00:53:51
1349,208,1743037562,2025-03-27 01:06:02
1350,208,1743037822,2025-03-27 01:10:22
1351,202,1743037888,2025-03-27 01:11:28
1352,202,1743038174,2025-03-27 01:16:14
1353,208,1743038200,2025-03-27 01:16:40
1354,192,1743038330,2025-03-27 01:18:50
1355,197,1743042344,2025-03-27 02:25:44
1356,212,1743043279,2025-03-27 02:41:19
1357,220,1743049448,2025-03-27 04:24:08
1358,200,1743053829,2025-03-27 05:37:09
1359,197,1743057460,2025-03-27 06:37:40
1360,212,1743057647,2025-03-27 06:40:47
1361,220,1743058439,2025-03-27 06:53:59
1362,212,1743061416,2025-03-27 07:43:36
1363,212,1743061430,2025-03-27 07:43:50
1364,202,1743061720,2025-03-27 07:48:40
1365,220,1743065044,2025-03-27 08:44:04
1366,207,1743065093,2025-03-27 08:44:53
1367,210,1743065121,2025-03-27 08:45:21
1368,212,1743065967,2025-03-27 08:59:27
1369,212,1743065976,2025-03-27 08:59:36
1370,221,1743066029,2025-03-27 09:00:29
1371,220,1743067819,2025-03-27 09:30:19
1372,220,1743067831,2025-03-27 09:30:31
1373,202,1743068500,2025-03-27 09:41:40
1374,203,1743077542,2025-03-27 12:12:22
1375,203,1743077551,2025-03-27 12:12:31
1376,203,1743077600,2025-03-27 12:13:20
1377,209,1743086480,2025-03-27 14:41:20
1378,200,1743091801,2025-03-27 16:10:01
1379,210,1743094721,2025-03-27 16:58:41
1380,209,1743106950,2025-03-27 20:22:30
1381,203,1743108906,2025-03-27 20:55:06
1382,203,1743108912,2025-03-27 20:55:12
1383,222,1743124734,2025-03-28 01:18:54
1384,222,1743125095,2025-03-28 01:24:55
1385,223,1743128337,2025-03-28 02:18:57
1386,223,1743129203,2025-03-28 02:33:23
1387,223,1743129231,2025-03-28 02:33:51
1388,223,1743129259,2025-03-28 02:34:19
1389,51,1743141637,2025-03-28 06:00:37
1390,219,1743141714,2025-03-28 06:01:54
1391,50,1743141825,2025-03-28 06:03:45
1392,42,1743142191,2025-03-28 06:09:51
1393,224,1743142527,2025-03-28 06:15:27
1394,225,1743143266,2025-03-28 06:27:46
1395,205,1743143460,2025-03-28 06:31:00
1396,226,1743143957,2025-03-28 06:39:17
1397,25,1743144001,2025-03-28 06:40:01
1398,227,1743144123,2025-03-28 06:42:03
1399,228,1743144165,2025-03-28 06:42:45
1400,229,1743144322,2025-03-28 06:45:22
1401,24,1743144420,2025-03-28 06:47:00
1402,230,1743147397,2025-03-28 07:36:37
1403,230,1743152595,2025-03-28 09:03:15
1404,230,1743153860,2025-03-28 09:24:20
1405,200,1743153982,2025-03-28 09:26:22
1406,231,1743157832,2025-03-28 10:30:32
1407,200,1743161892,2025-03-28 11:38:12
1408,203,1743167703,2025-03-28 13:15:03
1409,209,1743171236,2025-03-28 14:13:56
1410,203,1743194868,2025-03-28 20:47:48
1411,232,1743212960,2025-03-29 01:49:20
1412,209,1743215402,2025-03-29 02:30:02
1413,202,1743218327,2025-03-29 03:18:47
1414,200,1743221153,2025-03-29 04:05:53
1415,200,1743235304,2025-03-29 08:01:44
1416,202,1743236605,2025-03-29 08:23:25
1417,232,1743243769,2025-03-29 10:22:49
1418,182,1743249772,2025-03-29 12:02:52
1419,233,1743253266,2025-03-29 13:01:06
1420,200,1743267680,2025-03-29 17:01:20
1421,209,1743271047,2025-03-29 17:57:27
1422,232,1743296813,2025-03-30 01:06:53
1423,200,1743333508,2025-03-30 11:18:28
1424,200,1743334613,2025-03-30 11:36:53
1425,200,1743338286,2025-03-30 12:38:06
1426,234,1743340012,2025-03-30 13:06:52
1427,209,1743345610,2025-03-30 14:40:10
1428,233,1743381903,2025-03-31 00:45:03
1429,235,1743384958,2025-03-31 01:35:58
1430,235,1743385000,2025-03-31 01:36:40
1431,221,1743385084,2025-03-31 01:38:04
1432,208,1743388438,2025-03-31 02:33:58
1433,236,1743397262,2025-03-31 05:01:02
1434,221,1743397840,2025-03-31 05:10:40
1435,232,1743402355,2025-03-31 06:25:55
1436,232,1743407220,2025-03-31 07:47:00
1437,234,1743407543,2025-03-31 07:52:23
1438,234,1743409348,2025-03-31 08:22:28
1439,208,1743411972,2025-03-31 09:06:12
1440,200,1743415821,2025-03-31 10:10:21
1441,170,1743417102,2025-03-31 10:31:42
1442,200,1743422653,2025-03-31 12:04:13
1443,203,1743425834,2025-03-31 12:57:14
1444,24,1743443126,2025-03-31 17:45:26
1445,209,1743447458,2025-03-31 18:57:38
1446,24,1743470139,2025-04-01 01:15:39
1447,236,1743474612,2025-04-01 02:30:12
1448,197,1743477028,2025-04-01 03:10:28
1449,237,1743489617,2025-04-01 06:40:17
1450,126,1743511710,2025-04-01 12:48:30
1451,203,1743516212,2025-04-01 14:03:32
1452,202,1743517106,2025-04-01 14:18:26
1453,238,1743519311,2025-04-01 14:55:11
1454,203,1743540713,2025-04-01 20:51:53
1455,209,1743550309,2025-04-01 23:31:49
1456,197,1743563870,2025-04-02 03:17:50
1457,213,1743568180,2025-04-02 04:29:40
1458,200,1743576463,2025-04-02 06:47:43
1459,239,1743579697,2025-04-02 07:41:37
1460,203,1743596353,2025-04-02 12:19:13
1461,126,1743601171,2025-04-02 13:39:31
1462,126,1743613352,2025-04-02 17:02:32
1463,203,1743632701,2025-04-02 22:25:01
1464,240,1743637422,2025-04-02 23:43:42
1465,200,1743683270,2025-04-03 12:27:50
1466,188,1743683685,2025-04-03 12:34:45
1467,190,1743683774,2025-04-03 12:36:14
1468,24,1743683991,2025-04-03 12:39:51
1469,188,1743684100,2025-04-03 12:41:40
1470,112,1743684145,2025-04-03 12:42:25
1471,112,1743684503,2025-04-03 12:48:23
1472,131,1743684590,2025-04-03 12:49:50
1473,119,1743684641,2025-04-03 12:50:41
1474,115,1743684722,2025-04-03 12:52:02
1475,114,1743684758,2025-04-03 12:52:38
1476,113,1743684807,2025-04-03 12:53:27
1477,109,1743685028,2025-04-03 12:57:08
1478,75,1743685067,2025-04-03 12:57:47
1479,64,1743685134,2025-04-03 12:58:54
1480,51,1743685166,2025-04-03 12:59:26
1481,50,1743685199,2025-04-03 12:59:59
1482,42,1743685234,2025-04-03 13:00:34
1483,205,1743685298,2025-04-03 13:01:38
1484,31,1743685327,2025-04-03 13:02:07
1485,25,1743685400,2025-04-03 13:03:20
1486,195,1743685447,2025-04-03 13:04:07
1487,210,1743685551,2025-04-03 13:05:51
1488,207,1743685595,2025-04-03 13:06:35
1489,240,1743686490,2025-04-03 13:21:30
1490,115,1743691425,2025-04-03 14:43:45
1491,112,1743691795,2025-04-03 14:49:55
1492,209,1743692161,2025-04-03 14:56:01
1493,212,1743695825,2025-04-03 15:57:05
1494,212,1743695904,2025-04-03 15:58:24
1495,235,1743695926,2025-04-03 15:58:46
1496,221,1743695983,2025-04-03 15:59:43
1497,241,1743696565,2025-04-03 16:09:25
1498,241,1743696879,2025-04-03 16:14:39
1499,209,1743700216,2025-04-03 17:10:16
1500,240,1743700288,2025-04-03 17:11:28
1501,240,1743701905,2025-04-03 17:38:25
1502,213,1743709509,2025-04-03 19:45:09
1503,236,1743727868,2025-04-04 00:51:08
1504,236,1743738024,2025-04-04 03:40:24
1505,200,1743745628,2025-04-04 05:47:08
1506,209,1743767227,2025-04-04 11:47:07
1507,209,1743767791,2025-04-04 11:56:31
1508,209,1743771152,2025-04-04 12:52:32
1509,239,1743772247,2025-04-04 13:10:47
1510,241,1743773021,2025-04-04 13:23:41
1511,240,1743774221,2025-04-04 13:43:41
1512,209,1743776594,2025-04-04 14:23:14
1513,209,1743776646,2025-04-04 14:24:06
1514,221,1743784047,2025-04-04 16:27:27
1515,221,1743784091,2025-04-04 16:28:11
1516,209,1743790766,2025-04-04 18:19:26
1517,240,1743797546,2025-04-04 20:12:26
1518,209,1743800965,2025-04-04 21:09:25
1519,209,1743801228,2025-04-04 21:13:48
1520,209,1743801254,2025-04-04 21:14:14
1521,209,1743802369,2025-04-04 21:32:49
1522,209,1743802391,2025-04-04 21:33:11
1523,209,1743802398,2025-04-04 21:33:18
1524,209,1743802714,2025-04-04 21:38:34
1525,221,1743812496,2025-04-05 00:21:36
1526,242,1743819662,2025-04-05 02:21:02
1527,242,1743819869,2025-04-05 02:24:29
1528,212,1743819938,2025-04-05 02:25:38
1529,212,1743819998,2025-04-05 02:26:38
1530,235,1743820050,2025-04-05 02:27:30
1531,235,1743820110,2025-04-05 02:28:30
1532,235,1743820167,2025-04-05 02:29:27
1533,242,1743820225,2025-04-05 02:30:25
1534,212,1743820302,2025-04-05 02:31:42
1535,235,1743820372,2025-04-05 02:32:52
1536,221,1743820442,2025-04-05 02:34:02
1537,235,1743820565,2025-04-05 02:36:05
1538,202,1743824362,2025-04-05 03:39:22
1539,200,1743829588,2025-04-05 05:06:28
1540,202,1743839179,2025-04-05 07:46:19
1541,221,1743852565,2025-04-05 11:29:25
1542,212,1743852642,2025-04-05 11:30:42
1543,235,1743852753,2025-04-05 11:32:33
1544,241,1743858226,2025-04-05 13:03:46
1545,235,1743859553,2025-04-05 13:25:53
1546,242,1743859673,2025-04-05 13:27:53
1547,221,1743859748,2025-04-05 13:29:08
1548,221,1743871904,2025-04-05 16:51:44
1549,221,1743871921,2025-04-05 16:52:01
1550,221,1743871962,2025-04-05 16:52:42
1551,221,1743872009,2025-04-05 16:53:29
1552,221,1743872177,2025-04-05 16:56:17
1553,221,1743872177,2025-04-05 16:56:17
1554,221,1743872231,2025-04-05 16:57:11
1555,221,1743872240,2025-04-05 16:57:20
1556,221,1743872449,2025-04-05 17:00:49
1557,221,1743872505,2025-04-05 17:01:45
1558,235,1743873626,2025-04-05 17:20:26
1559,212,1743873727,2025-04-05 17:22:07
1560,212,1743873987,2025-04-05 17:26:27
1561,212,1743874557,2025-04-05 17:35:57
1562,200,1743880767,2025-04-05 19:19:27
1563,240,1743907941,2025-04-06 02:52:21
1564,200,1743916634,2025-04-06 05:17:14
1565,182,1743919362,2025-04-06 06:02:42
1566,234,1743934872,2025-04-06 10:21:12
1567,195,1743938344,2025-04-06 11:19:04
1568,210,1743938405,2025-04-06 11:20:05
1569,212,1743945738,2025-04-06 13:22:18
1570,200,1743951036,2025-04-06 14:50:36
1571,240,1743951657,2025-04-06 15:00:57
1572,238,1743955803,2025-04-06 16:10:03
1573,209,1743988201,2025-04-07 01:10:01
1574,239,1743989951,2025-04-07 01:39:11
1575,243,1743992171,2025-04-07 02:16:11
1576,200,1744010559,2025-04-07 07:22:39
1577,208,1744012119,2025-04-07 07:48:39
1578,209,1744016724,2025-04-07 09:05:24
1579,239,1744016906,2025-04-07 09:08:26
1580,209,1744022406,2025-04-07 10:40:06
1581,212,1744025583,2025-04-07 11:33:03
1582,235,1744025644,2025-04-07 11:34:04
1583,209,1744031296,2025-04-07 13:08:16
1584,240,1744032314,2025-04-07 13:25:14
1585,235,1744032404,2025-04-07 13:26:44
1586,209,1744036434,2025-04-07 14:33:54
1587,209,1744046917,2025-04-07 17:28:37
1588,209,1744047716,2025-04-07 17:41:56
1589,209,1744048192,2025-04-07 17:49:52
1590,209,1744048586,2025-04-07 17:56:26
1591,240,1744051835,2025-04-07 18:50:35
1592,209,1744054622,2025-04-07 19:37:02
1593,209,1744055259,2025-04-07 19:47:39
1594,209,1744073259,2025-04-08 00:47:39
1595,200,1744076010,2025-04-08 01:33:30
1596,235,1744076332,2025-04-08 01:38:52
1597,235,1744079903,2025-04-08 02:38:23
1598,235,1744088692,2025-04-08 05:04:52
1599,239,1744090644,2025-04-08 05:37:24
1600,209,1744095551,2025-04-08 06:59:11
1601,203,1744107384,2025-04-08 10:16:24
1602,235,1744112727,2025-04-08 11:45:27
1603,200,1744117212,2025-04-08 13:00:12
1604,240,1744120392,2025-04-08 13:53:12
1605,241,1744124750,2025-04-08 15:05:50
1606,209,1744127530,2025-04-08 15:52:10
1607,209,1744131203,2025-04-08 16:53:23
1608,239,1744133449,2025-04-08 17:30:49
1609,209,1744142410,2025-04-08 20:00:10
1610,240,1744146250,2025-04-08 21:04:10
1611,235,1744160229,2025-04-09 00:57:09
1612,212,1744160266,2025-04-09 00:57:46
1613,200,1744166709,2025-04-09 02:45:09
1614,200,1744178682,2025-04-09 06:04:42
1615,212,1744179278,2025-04-09 06:14:38
1616,209,1744180468,2025-04-09 06:34:28
1617,244,1744185760,2025-04-09 08:02:40
1618,209,1744186013,2025-04-09 08:06:53
1619,209,1744187128,2025-04-09 08:25:28
1620,200,1744188316,2025-04-09 08:45:16
1621,200,1744188398,2025-04-09 08:46:38
1622,209,1744194927,2025-04-09 10:35:27
1623,244,1744195543,2025-04-09 10:45:43
1624,245,1744198041,2025-04-09 11:27:21
1625,245,1744198394,2025-04-09 11:33:14
1626,245,1744200439,2025-04-09 12:07:19
1627,245,1744201399,2025-04-09 12:23:19
1628,245,1744202084,2025-04-09 12:34:44
1629,244,1744203448,2025-04-09 12:57:28
1630,244,1744204313,2025-04-09 13:11:53
1631,244,1744204636,2025-04-09 13:17:16
1632,209,1744205007,2025-04-09 13:23:27
1633,209,1744205196,2025-04-09 13:26:36
1634,245,1744205368,2025-04-09 13:29:28
1635,209,1744206185,2025-04-09 13:43:05
1636,240,1744206658,2025-04-09 13:50:58
1637,209,1744206990,2025-04-09 13:56:30
1638,246,1744206994,2025-04-09 13:56:34
1639,246,1744207306,2025-04-09 14:01:46
1640,246,1744210684,2025-04-09 14:58:04
1641,245,1744211019,2025-04-09 15:03:39
1642,244,1744211187,2025-04-09 15:06:27
1643,241,1744211319,2025-04-09 15:08:39
1644,241,1744211629,2025-04-09 15:13:49
1645,246,1744211956,2025-04-09 15:19:16
1646,246,1744213687,2025-04-09 15:48:07
1647,200,1744214038,2025-04-09 15:53:58
1648,244,1744216017,2025-04-09 16:26:57
1649,245,1744216971,2025-04-09 16:42:51
1650,209,1744217019,2025-04-09 16:43:39
1651,246,1744221586,2025-04-09 17:59:46
1652,240,1744223534,2025-04-09 18:32:14
1653,244,1744226798,2025-04-09 19:26:38
1654,246,1744230496,2025-04-09 20:28:16
1655,240,1744239152,2025-04-09 22:52:32
1656,209,1744250126,2025-04-10 01:55:26
1657,200,1744252819,2025-04-10 02:40:19
1658,247,1744257459,2025-04-10 03:57:39
1659,245,1744258179,2025-04-10 04:09:39
1660,245,1744263218,2025-04-10 05:33:38
1661,247,1744267468,2025-04-10 06:44:28
1662,246,1744268358,2025-04-10 06:59:18
1663,246,1744269340,2025-04-10 07:15:40
1664,246,1744271718,2025-04-10 07:55:18
1665,247,1744273769,2025-04-10 08:29:29
1666,246,1744273881,2025-04-10 08:31:21
1667,246,1744273942,2025-04-10 08:32:22
1668,245,1744273973,2025-04-10 08:32:53
1669,209,1744274172,2025-04-10 08:36:12
1670,200,1744274660,2025-04-10 08:44:20
1671,246,1744274830,2025-04-10 08:47:10
1672,248,1744276364,2025-04-10 09:12:44
1673,246,1744276713,2025-04-10 09:18:33
1674,209,1744277653,2025-04-10 09:34:13
1675,247,1744277948,2025-04-10 09:39:08
1676,209,1744278567,2025-04-10 09:49:27
1677,209,1744278753,2025-04-10 09:52:33
1678,248,1744278862,2025-04-10 09:54:22
1679,209,1744279065,2025-04-10 09:57:45
1680,248,1744279549,2025-04-10 10:05:49
1681,248,1744280103,2025-04-10 10:15:03
1682,248,1744280155,2025-04-10 10:15:55
1683,209,1744280171,2025-04-10 10:16:11
1684,248,1744280276,2025-04-10 10:17:56
1685,248,1744280562,2025-04-10 10:22:42
1686,245,1744280957,2025-04-10 10:29:17
1687,248,1744281154,2025-04-10 10:32:34
1688,248,1744282335,2025-04-10 10:52:15
1689,244,1744282910,2025-04-10 11:01:50
1690,248,1744282999,2025-04-10 11:03:19
1691,209,1744283266,2025-04-10 11:07:46
1692,248,1744283560,2025-04-10 11:12:40
1693,248,1744284050,2025-04-10 11:20:50
1694,245,1744284116,2025-04-10 11:21:56
1695,248,1744284708,2025-04-10 11:31:48
1696,245,1744284725,2025-04-10 11:32:05
1697,248,1744285101,2025-04-10 11:38:21
1698,248,1744285528,2025-04-10 11:45:28
1699,209,1744286286,2025-04-10 11:58:06
1700,246,1744286321,2025-04-10 11:58:41
1701,246,1744286740,2025-04-10 12:05:40
1702,209,1744287751,2025-04-10 12:22:31
1703,248,1744288226,2025-04-10 12:30:26
1704,209,1744288447,2025-04-10 12:34:07
1705,248,1744289040,2025-04-10 12:44:00
1706,248,1744289831,2025-04-10 12:57:11
1707,248,1744290185,2025-04-10 13:03:05
1708,248,1744291741,2025-04-10 13:29:01
1709,240,1744297090,2025-04-10 14:58:10
1710,246,1744297660,2025-04-10 15:07:40
1711,248,1744298759,2025-04-10 15:25:59
1712,246,1744299941,2025-04-10 15:45:41
1713,248,1744300257,2025-04-10 15:50:57
1714,209,1744300363,2025-04-10 15:52:43
1715,209,1744300443,2025-04-10 15:54:03
1716,209,1744301675,2025-04-10 16:14:35
1717,248,1744301749,2025-04-10 16:15:49
1718,248,1744302428,2025-04-10 16:27:08
1719,248,1744303012,2025-04-10 16:36:52
1720,248,1744303588,2025-04-10 16:46:28
1721,200,1744304004,2025-04-10 16:53:24
1722,245,1744308193,2025-04-10 18:03:13
1723,246,1744310815,2025-04-10 18:46:55
1724,248,1744311561,2025-04-10 18:59:21
1725,248,1744311718,2025-04-10 19:01:58
1726,246,1744316771,2025-04-10 20:26:11
1727,245,1744316805,2025-04-10 20:26:45
1728,245,1744316831,2025-04-10 20:27:11
1729,209,1744317664,2025-04-10 20:41:04
1730,248,1744318898,2025-04-10 21:01:38
1731,241,1744319358,2025-04-10 21:09:18
1732,240,1744319984,2025-04-10 21:19:44
1733,248,1744320824,2025-04-10 21:33:44
1734,248,1744323323,2025-04-10 22:15:23
1735,248,1744323491,2025-04-10 22:18:11
1736,248,1744324172,2025-04-10 22:29:32
1737,248,1744327762,2025-04-10 23:29:22
1738,247,1744336918,2025-04-11 02:01:58
1739,247,1744338941,2025-04-11 02:35:41
1740,248,1744341622,2025-04-11 03:20:22
1741,200,1744341876,2025-04-11 03:24:36
1742,247,1744342177,2025-04-11 03:29:37
1743,248,1744342610,2025-04-11 03:36:50
1744,248,1744343237,2025-04-11 03:47:17
1745,245,1744345246,2025-04-11 04:20:46
1746,157,1744346266,2025-04-11 04:37:46
1747,247,1744346964,2025-04-11 04:49:24
1748,200,1744347005,2025-04-11 04:50:05
1749,248,1744347615,2025-04-11 05:00:15
1750,246,1744347913,2025-04-11 05:05:13
1751,246,1744347926,2025-04-11 05:05:26
1752,246,1744348922,2025-04-11 05:22:02
1753,244,1744353655,2025-04-11 06:40:55
1754,248,1744354379,2025-04-11 06:52:59
1755,248,1744355283,2025-04-11 07:08:03
1756,248,1744357410,2025-04-11 07:43:30
1757,209,1744359250,2025-04-11 08:14:10
1758,248,1744359462,2025-04-11 08:17:42
1759,209,1744362385,2025-04-11 09:06:25
1760,248,1744364929,2025-04-11 09:48:49
1761,244,1744365336,2025-04-11 09:55:36
1762,248,1744365581,2025-04-11 09:59:41
1763,248,1744365831,2025-04-11 10:03:51
1764,246,1744369325,2025-04-11 11:02:05
1765,246,1744370158,2025-04-11 11:15:58
1766,246,1744370210,2025-04-11 11:16:50
1767,248,1744371008,2025-04-11 11:30:08
1768,248,1744372998,2025-04-11 12:03:18
1769,248,1744373595,2025-04-11 12:13:15
1770,248,1744375271,2025-04-11 12:41:11
1771,248,1744375637,2025-04-11 12:47:17
1772,209,1744375695,2025-04-11 12:48:15
1773,246,1744377038,2025-04-11 13:10:38
1774,240,1744377196,2025-04-11 13:13:16
1775,246,1744378193,2025-04-11 13:29:53
1776,209,1744378833,2025-04-11 13:40:33
1777,209,1744379866,2025-04-11 13:57:46
1778,248,1744379921,2025-04-11 13:58:41
1779,157,1744380527,2025-04-11 14:08:47
1780,200,1744380537,2025-04-11 14:08:57
1781,240,1744384870,2025-04-11 15:21:10
1782,200,1744386587,2025-04-11 15:49:47
1783,245,1744386986,2025-04-11 15:56:26
1784,246,1744388067,2025-04-11 16:14:27
1785,244,1744388717,2025-04-11 16:25:17
1786,248,1744389652,2025-04-11 16:40:52
1787,248,1744390842,2025-04-11 17:00:42
1788,240,1744395076,2025-04-11 18:11:16
1789,248,1744402318,2025-04-11 20:11:58
1790,240,1744403800,2025-04-11 20:36:40
1791,209,1744405539,2025-04-11 21:05:39
1792,248,1744405582,2025-04-11 21:06:22
1793,241,1744405670,2025-04-11 21:07:50
1794,248,1744407759,2025-04-11 21:42:39
1795,248,1744408486,2025-04-11 21:54:46
1796,248,1744408871,2025-04-11 22:01:11
1797,248,1744409879,2025-04-11 22:17:59
1798,248,1744410729,2025-04-11 22:32:09
1799,248,1744411033,2025-04-11 22:37:13
1800,248,1744412253,2025-04-11 22:57:33
1801,248,1744412292,2025-04-11 22:58:12
1802,248,1744412513,2025-04-11 23:01:53
1803,248,1744412770,2025-04-11 23:06:10
1804,248,1744413102,2025-04-11 23:11:42
1805,240,1744414910,2025-04-11 23:41:50
1806,248,1744416824,2025-04-12 00:13:44
1807,248,1744417928,2025-04-12 00:32:08
1808,248,1744418428,2025-04-12 00:40:28
1809,245,1744433786,2025-04-12 04:56:26
1810,209,1744435527,2025-04-12 05:25:27
1811,244,1744436794,2025-04-12 05:46:34
1812,247,1744437651,2025-04-12 06:00:51
1813,248,1744439393,2025-04-12 06:29:53
1814,248,1744439970,2025-04-12 06:39:30
1815,248,1744440013,2025-04-12 06:40:13
1816,246,1744441587,2025-04-12 07:06:27
1817,246,1744444751,2025-04-12 07:59:11
1818,248,1744445178,2025-04-12 08:06:18
1819,246,1744446103,2025-04-12 08:21:43
1820,248,1744448297,2025-04-12 08:58:17
1821,248,1744449037,2025-04-12 09:10:37
1822,248,1744449288,2025-04-12 09:14:48
1823,248,1744449373,2025-04-12 09:16:13
1824,248,1744451150,2025-04-12 09:45:50
1825,248,1744451606,2025-04-12 09:53:26
1826,248,1744452600,2025-04-12 10:10:00
1827,248,1744454197,2025-04-12 10:36:37
1828,248,1744454660,2025-04-12 10:44:20
1829,248,1744454808,2025-04-12 10:46:48
1830,248,1744455710,2025-04-12 11:01:50
1831,248,1744456063,2025-04-12 11:07:43
1832,209,1744469468,2025-04-12 14:51:08
1833,240,1744472479,2025-04-12 15:41:19
1834,244,1744476434,2025-04-12 16:47:14
1835,241,1744481466,2025-04-12 18:11:06
1836,244,1744485009,2025-04-12 19:10:09
1837,248,1744492334,2025-04-12 21:12:14
1838,209,1744493088,2025-04-12 21:24:48
1839,248,1744501939,2025-04-12 23:52:19
1840,248,1744501977,2025-04-12 23:52:57
1841,248,1744501981,2025-04-12 23:53:01
1842,248,1744502071,2025-04-12 23:54:31
1843,248,1744502088,2025-04-12 23:54:48
1844,248,1744502094,2025-04-12 23:54:54
1845,248,1744502098,2025-04-12 23:54:58
1846,248,1744502105,2025-04-12 23:55:05
1847,248,1744502111,2025-04-12 23:55:11
1848,248,1744502223,2025-04-12 23:57:03
1849,248,1744502523,2025-04-13 00:02:03
1850,248,1744503094,2025-04-13 00:11:34
1851,200,1744519201,2025-04-13 04:40:01
1852,248,1744524252,2025-04-13 06:04:12
1853,248,1744525123,2025-04-13 06:18:43
1854,248,1744525221,2025-04-13 06:20:21
1855,248,1744525282,2025-04-13 06:21:22
1856,248,1744525381,2025-04-13 06:23:01
1857,245,1744526265,2025-04-13 06:37:45
1858,244,1744528794,2025-04-13 07:19:54
1859,248,1744529127,2025-04-13 07:25:27
1860,248,1744532950,2025-04-13 08:29:10
1861,246,1744535978,2025-04-13 09:19:38
1862,246,1744536014,2025-04-13 09:20:14
1863,246,1744536545,2025-04-13 09:29:05
1864,246,1744537085,2025-04-13 09:38:05
1865,209,1744537086,2025-04-13 09:38:06
1866,209,1744537359,2025-04-13 09:42:39
1867,248,1744542580,2025-04-13 11:09:40
1868,249,1744544813,2025-04-13 11:46:53
1869,250,1744550667,2025-04-13 13:24:27
1870,249,1744552372,2025-04-13 13:52:52
1871,250,1744559162,2025-04-13 15:46:02
1872,200,1744560661,2025-04-13 16:11:01
1873,246,1744564236,2025-04-13 17:10:36
1874,246,1744564434,2025-04-13 17:13:54
1875,248,1744564623,2025-04-13 17:17:03
1876,200,1744566076,2025-04-13 17:41:16
1877,200,1744566450,2025-04-13 17:47:30
1878,200,1744566665,2025-04-13 17:51:05
1879,200,1744568782,2025-04-13 18:26:22
1880,246,1744575668,2025-04-13 20:21:08
1881,200,1744592578,2025-04-14 01:02:58
1882,251,1744593281,2025-04-14 01:14:41
1883,248,1744596276,2025-04-14 02:04:36
1884,249,1744599597,2025-04-14 02:59:57
1885,251,1744599697,2025-04-14 03:01:37
1886,200,1744600440,2025-04-14 03:14:00
1887,251,1744600618,2025-04-14 03:16:58
1888,251,1744602715,2025-04-14 03:51:55
1889,246,1744604161,2025-04-14 04:16:01
1890,251,1744606851,2025-04-14 05:00:51
1891,244,1744608523,2025-04-14 05:28:43
1892,251,1744608677,2025-04-14 05:31:17
1893,246,1744609907,2025-04-14 05:51:47
1894,246,1744610991,2025-04-14 06:09:51
1895,251,1744615340,2025-04-14 07:22:20
1896,246,1744615542,2025-04-14 07:25:42
1897,200,1744618258,2025-04-14 08:10:58
1898,251,1744618260,2025-04-14 08:11:00
1899,246,1744618572,2025-04-14 08:16:12
1900,209,1744619708,2025-04-14 08:35:08
1901,246,1744619881,2025-04-14 08:38:01
1902,251,1744623514,2025-04-14 09:38:34
1903,244,1744626232,2025-04-14 10:23:52
1904,246,1744628056,2025-04-14 10:54:16
1905,251,1744628510,2025-04-14 11:01:50
1906,200,1744628512,2025-04-14 11:01:52
1907,209,1744630250,2025-04-14 11:30:50
1908,246,1744632446,2025-04-14 12:07:26
1909,246,1744636896,2025-04-14 13:21:36
1910,251,1744637859,2025-04-14 13:37:39
1911,240,1744639539,2025-04-14 14:05:39
1912,251,1744640752,2025-04-14 14:25:52
1913,252,1744641841,2025-04-14 14:44:01
1914,252,1744642316,2025-04-14 14:51:56
1915,252,1744642560,2025-04-14 14:56:00
1916,209,1744642629,2025-04-14 14:57:09
1917,251,1744644647,2025-04-14 15:30:47
1918,244,1744646234,2025-04-14 15:57:14
1919,241,1744646632,2025-04-14 16:03:52
1920,251,1744647473,2025-04-14 16:17:53
1921,209,1744648136,2025-04-14 16:28:56
1922,248,1744651552,2025-04-14 17:25:52
1923,246,1744652924,2025-04-14 17:48:44
1924,209,1744665018,2025-04-14 21:10:18
1925,251,1744671757,2025-04-14 23:02:37
1926,213,1744672402,2025-04-14 23:13:22
1927,251,1744675593,2025-04-15 00:06:33
1928,251,1744677920,2025-04-15 00:45:20
1929,209,1744681477,2025-04-15 01:44:37
1930,252,1744681519,2025-04-15 01:45:19
1931,251,1744681618,2025-04-15 01:46:58
1932,251,1744682414,2025-04-15 02:00:14
1933,195,1744682496,2025-04-15 02:01:36
1934,188,1744682650,2025-04-15 02:04:10
1935,190,1744682746,2025-04-15 02:05:46
1936,234,1744683261,2025-04-15 02:14:21
1937,253,1744684086,2025-04-15 02:28:06
1938,244,1744689457,2025-04-15 03:57:37
1939,251,1744691684,2025-04-15 04:34:44
1940,200,1744691687,2025-04-15 04:34:47
1941,234,1744696026,2025-04-15 05:47:06
1942,246,1744696101,2025-04-15 05:48:21
1943,220,1744696752,2025-04-15 05:59:12
1944,210,1744697137,2025-04-15 06:05:37
1945,207,1744697253,2025-04-15 06:07:33
1946,207,1744697294,2025-04-15 06:08:14
1947,246,1744700612,2025-04-15 07:03:32
1948,200,1744703144,2025-04-15 07:45:44
1949,251,1744703160,2025-04-15 07:46:00
1950,246,1744703497,2025-04-15 07:51:37
1951,200,1744705582,2025-04-15 08:26:22
1952,200,1744705636,2025-04-15 08:27:16
1953,246,1744705824,2025-04-15 08:30:24
1954,246,1744706714,2025-04-15 08:45:14
1955,251,1744707517,2025-04-15 08:58:37
1956,254,1744708679,2025-04-15 09:17:59
1957,209,1744710863,2025-04-15 09:54:23
1958,254,1744710926,2025-04-15 09:55:26
1959,254,1744713499,2025-04-15 10:38:19
1960,247,1744714445,2025-04-15 10:54:05
1961,209,1744714939,2025-04-15 11:02:19
1962,254,1744716184,2025-04-15 11:23:04
1963,246,1744717344,2025-04-15 11:42:24
1964,246,1744719363,2025-04-15 12:16:03
1965,254,1744720475,2025-04-15 12:34:35
1966,254,1744721049,2025-04-15 12:44:09
1967,246,1744723128,2025-04-15 13:18:48
1968,251,1744723488,2025-04-15 13:24:48
1969,254,1744723527,2025-04-15 13:25:27
1970,248,1744723576,2025-04-15 13:26:16
1971,254,1744724492,2025-04-15 13:41:32
1972,246,1744724825,2025-04-15 13:47:05
1973,254,1744725399,2025-04-15 13:56:39
1974,254,1744726979,2025-04-15 14:22:59
1975,200,1744728385,2025-04-15 14:46:25
1976,254,1744728860,2025-04-15 14:54:20
1977,209,1744728921,2025-04-15 14:55:21
1978,254,1744730660,2025-04-15 15:24:20
1979,241,1744731198,2025-04-15 15:33:18
1980,254,1744731939,2025-04-15 15:45:39
1981,209,1744732542,2025-04-15 15:55:42
1982,254,1744735093,2025-04-15 16:38:13
1983,246,1744737055,2025-04-15 17:10:55
1984,254,1744739892,2025-04-15 17:58:12
1985,254,1744742021,2025-04-15 18:33:41
1986,254,1744744054,2025-04-15 19:07:34
1987,209,1744750091,2025-04-15 20:48:11
1988,251,1744769311,2025-04-16 02:08:31
1989,252,1744769942,2025-04-16 02:19:02
1990,239,1744770026,2025-04-16 02:20:26
1991,251,1744777875,2025-04-16 04:31:15
1992,250,1744778578,2025-04-16 04:42:58
1993,200,1744780414,2025-04-16 05:13:34
1994,251,1744780424,2025-04-16 05:13:44
1995,200,1744782062,2025-04-16 05:41:02
1996,200,1744782080,2025-04-16 05:41:20
1997,246,1744782463,2025-04-16 05:47:43
1998,200,1744783003,2025-04-16 05:56:43
1999,200,1744783775,2025-04-16 06:09:35
2000,200,1744784026,2025-04-16 06:13:46
2001,246,1744784373,2025-04-16 06:19:33
2002,234,1744785401,2025-04-16 06:36:41
2003,251,1744786152,2025-04-16 06:49:12
2004,246,1744786269,2025-04-16 06:51:09
2005,255,1744787004,2025-04-16 07:03:24
2006,255,1744788846,2025-04-16 07:34:06
2007,246,1744791520,2025-04-16 08:18:40
2008,256,1744793834,2025-04-16 08:57:14
2009,256,1744793897,2025-04-16 08:58:17
2010,245,1744793935,2025-04-16 08:58:55
2011,209,1744794567,2025-04-16 09:09:27
2012,246,1744809655,2025-04-16 13:20:55
2013,246,1744810295,2025-04-16 13:31:35
2014,241,1744813403,2025-04-16 14:23:23
2015,200,1744817248,2025-04-16 15:27:28
2016,244,1744819687,2025-04-16 16:08:07
2017,246,1744820029,2025-04-16 16:13:49
2018,200,1744822947,2025-04-16 17:02:27
2019,255,1744823111,2025-04-16 17:05:11
2020,240,1744823498,2025-04-16 17:11:38
2021,246,1744826071,2025-04-16 17:54:31
2022,246,1744826793,2025-04-16 18:06:33
2023,209,1744828916,2025-04-16 18:41:56
2024,246,1744849463,2025-04-17 00:24:23
2025,251,1744852090,2025-04-17 01:08:10
2026,251,1744852814,2025-04-17 01:20:14
2027,257,1744854188,2025-04-17 01:43:08
2028,234,1744860581,2025-04-17 03:29:41
2029,200,1744862858,2025-04-17 04:07:38
2030,251,1744868338,2025-04-17 05:38:58
2031,258,1744870075,2025-04-17 06:07:55
2032,258,1744870433,2025-04-17 06:13:53
2033,258,1744875802,2025-04-17 07:43:22
2034,259,1744876796,2025-04-17 07:59:56
2035,258,1744877918,2025-04-17 08:18:38
2036,255,1744880400,2025-04-17 09:00:00
2037,255,1744880702,2025-04-17 09:05:02
2038,259,1744881323,2025-04-17 09:15:23
2039,255,1744882779,2025-04-17 09:39:39
2040,258,1744884844,2025-04-17 10:14:04
2041,258,1744884949,2025-04-17 10:15:49
2042,258,1744885563,2025-04-17 10:26:03
2043,258,1744885689,2025-04-17 10:28:09
2044,258,1744885827,2025-04-17 10:30:27
2045,260,1744885972,2025-04-17 10:32:52
2046,258,1744887435,2025-04-17 10:57:15
2047,251,1744887776,2025-04-17 11:02:56
2048,209,1744890584,2025-04-17 11:49:44
2049,255,1744890755,2025-04-17 11:52:35
2050,246,1744897508,2025-04-17 13:45:08
2051,259,1744898408,2025-04-17 14:00:08
2052,246,1744898915,2025-04-17 14:08:35
2053,257,1744903385,2025-04-17 15:23:05
2054,200,1744904456,2025-04-17 15:40:56
2055,241,1744914266,2025-04-17 18:24:26
2056,209,1744914824,2025-04-17 18:33:44
2057,251,1744936619,2025-04-18 00:36:59
2058,255,1744961306,2025-04-18 07:28:26
2059,261,1744961953,2025-04-18 07:39:13
2060,255,1744964745,2025-04-18 08:25:45
2061,251,1744964831,2025-04-18 08:27:11
2062,262,1744964837,2025-04-18 08:27:17
2063,261,1744965814,2025-04-18 08:43:34
2064,261,1744966488,2025-04-18 08:54:48
2065,261,1744966852,2025-04-18 09:00:52
2066,261,1744969645,2025-04-18 09:47:25
2067,261,1744977063,2025-04-18 11:51:03
2068,251,1744979385,2025-04-18 12:29:45
2069,261,1744979758,2025-04-18 12:35:58
2070,251,1744981293,2025-04-18 13:01:33
2071,200,1744982740,2025-04-18 13:25:40
2072,261,1744982840,2025-04-18 13:27:20
2073,200,1744989103,2025-04-18 15:11:43
2074,250,1744990056,2025-04-18 15:27:36
2075,261,1744993747,2025-04-18 16:29:07
2076,261,1744993805,2025-04-18 16:30:05
2077,209,1745023830,2025-04-19 00:50:30
2078,251,1745034170,2025-04-19 03:42:50
2079,258,1745036569,2025-04-19 04:22:49
2080,263,1745044655,2025-04-19 06:37:35
2081,251,1745053338,2025-04-19 09:02:18
2082,263,1745053864,2025-04-19 09:11:04
2083,263,1745055596,2025-04-19 09:39:56
2084,263,1745056030,2025-04-19 09:47:10
2085,263,1745056471,2025-04-19 09:54:31
2086,263,1745057259,2025-04-19 10:07:39
2087,263,1745057911,2025-04-19 10:18:31
2088,263,1745058175,2025-04-19 10:22:55
2089,263,1745058516,2025-04-19 10:28:36
2090,263,1745058814,2025-04-19 10:33:34
2091,263,1745058939,2025-04-19 10:35:39
2092,263,1745059712,2025-04-19 10:48:32
2093,263,1745060342,2025-04-19 10:59:02
2094,263,1745061582,2025-04-19 11:19:42
2095,263,1745061903,2025-04-19 11:25:03
2096,263,1745061987,2025-04-19 11:26:27
2097,263,1745062478,2025-04-19 11:34:38
2098,263,1745063263,2025-04-19 11:47:43
2099,264,1745063539,2025-04-19 11:52:19
2100,263,1745065592,2025-04-19 12:26:32
2101,263,1745066710,2025-04-19 12:45:10
2102,251,1745067588,2025-04-19 12:59:48
2103,251,1745068195,2025-04-19 13:09:55
2104,200,1745069442,2025-04-19 13:30:42
2105,234,1745070147,2025-04-19 13:42:27
2106,263,1745070282,2025-04-19 13:44:42
2107,263,1745072402,2025-04-19 14:20:02
2108,263,1745075141,2025-04-19 15:05:41
2109,263,1745076837,2025-04-19 15:33:57
2110,200,1745078822,2025-04-19 16:07:02
2111,234,1745078933,2025-04-19 16:08:53
2112,263,1745079349,2025-04-19 16:15:49
2113,263,1745082689,2025-04-19 17:11:29
2114,263,1745083694,2025-04-19 17:28:14
2115,263,1745084389,2025-04-19 17:39:49
2116,255,1745092989,2025-04-19 20:03:09
2117,244,1745103825,2025-04-19 23:03:45
2118,209,1745116149,2025-04-20 02:29:09
2119,234,1745121686,2025-04-20 04:01:26
2120,234,1745122520,2025-04-20 04:15:20
2121,263,1745131018,2025-04-20 06:36:58
2122,263,1745131886,2025-04-20 06:51:26
2123,263,1745132957,2025-04-20 07:09:17
2124,263,1745134022,2025-04-20 07:27:02
2125,263,1745134265,2025-04-20 07:31:05
2126,263,1745135432,2025-04-20 07:50:32
2127,263,1745135967,2025-04-20 07:59:27
2128,263,1745136677,2025-04-20 08:11:17
2129,263,1745136711,2025-04-20 08:11:51
2130,263,1745136735,2025-04-20 08:12:15
2131,263,1745137526,2025-04-20 08:25:26
2132,264,1745138644,2025-04-20 08:44:04
2133,263,1745141205,2025-04-20 09:26:45
2134,263,1745142841,2025-04-20 09:54:01
2135,263,1745144716,2025-04-20 10:25:16
2136,200,1745145532,2025-04-20 10:38:52
2137,263,1745148711,2025-04-20 11:31:51
2138,262,1745150365,2025-04-20 11:59:25
2139,200,1745150428,2025-04-20 12:00:28
2140,260,1745150446,2025-04-20 12:00:46
2141,195,1745153550,2025-04-20 12:52:30
2142,210,1745153592,2025-04-20 12:53:12
2143,207,1745153640,2025-04-20 12:54:00
2144,255,1745153942,2025-04-20 12:59:02
2145,263,1745154644,2025-04-20 13:10:44
2146,234,1745156863,2025-04-20 13:47:43
2147,263,1745158212,2025-04-20 14:10:12
2148,264,1745159304,2025-04-20 14:28:24
2149,263,1745160788,2025-04-20 14:53:08
2150,265,1745170356,2025-04-20 17:32:36
2151,234,1745171760,2025-04-20 17:56:00
2152,200,1745171763,2025-04-20 17:56:03
2153,241,1745177209,2025-04-20 19:26:49
2154,209,1745178885,2025-04-20 19:54:45
2155,251,1745193786,2025-04-21 00:03:06
2156,266,1745194400,2025-04-21 00:13:20
2157,234,1745209166,2025-04-21 04:19:26
2158,200,1745209199,2025-04-21 04:19:59
2159,261,1745213155,2025-04-21 05:25:55
2160,262,1745215790,2025-04-21 06:09:50
2161,264,1745215872,2025-04-21 06:11:12
2162,251,1745218715,2025-04-21 06:58:35
2163,263,1745219960,2025-04-21 07:19:20
2164,264,1745223903,2025-04-21 08:25:03
2165,264,1745227873,2025-04-21 09:31:13
2166,200,1745232142,2025-04-21 10:42:22
2167,200,1745233924,2025-04-21 11:12:04
2168,200,1745234747,2025-04-21 11:25:47
2169,234,1745234814,2025-04-21 11:26:54
2170,234,1745235793,2025-04-21 11:43:13
2171,200,1745235800,2025-04-21 11:43:20
2172,261,1745239209,2025-04-21 12:40:09
2173,261,1745240197,2025-04-21 12:56:37
2174,261,1745240206,2025-04-21 12:56:46
2175,261,1745240351,2025-04-21 12:59:11
2176,261,1745240738,2025-04-21 13:05:38
2177,24,1745242519,2025-04-21 13:35:19
2178,264,1745244249,2025-04-21 14:04:09
2179,266,1745244308,2025-04-21 14:05:08
2180,266,1745244437,2025-04-21 14:07:17
2181,258,1745244498,2025-04-21 14:08:18
2182,200,1745246285,2025-04-21 14:38:05
2183,234,1745246296,2025-04-21 14:38:16
2184,265,1745248074,2025-04-21 15:07:54
2185,267,1745248709,2025-04-21 15:18:29
2186,267,1745250337,2025-04-21 15:45:37
2187,261,1745250365,2025-04-21 15:46:05
2188,234,1745251603,2025-04-21 16:06:43
2189,200,1745251625,2025-04-21 16:07:05
2190,261,1745251836,2025-04-21 16:10:36
2191,264,1745252555,2025-04-21 16:22:35
2192,263,1745256421,2025-04-21 17:27:01
2193,261,1745259287,2025-04-21 18:14:47
2194,265,1745259297,2025-04-21 18:14:57
2195,261,1745259843,2025-04-21 18:24:03
2196,234,1745260576,2025-04-21 18:36:16
2197,234,1745260668,2025-04-21 18:37:48
2198,234,1745260761,2025-04-21 18:39:21
2199,213,1745264225,2025-04-21 19:37:05
2200,261,1745264715,2025-04-21 19:45:15
2201,267,1745266118,2025-04-21 20:08:38
2202,234,1745266805,2025-04-21 20:20:05
2203,258,1745268864,2025-04-21 20:54:24
2204,266,1745268952,2025-04-21 20:55:52
2205,261,1745269175,2025-04-21 20:59:35
2206,261,1745270197,2025-04-21 21:16:37
2207,241,1745278969,2025-04-21 23:42:49
2208,251,1745286912,2025-04-22 01:55:12
2209,266,1745289117,2025-04-22 02:31:57
2210,265,1745294845,2025-04-22 04:07:25
2211,268,1745297573,2025-04-22 04:52:53
2212,263,1745302348,2025-04-22 06:12:28
2213,263,1745304254,2025-04-22 06:44:14
2214,263,1745305181,2025-04-22 06:59:41
2215,263,1745307468,2025-04-22 07:37:48
2216,266,1745307962,2025-04-22 07:46:02
2217,263,1745308120,2025-04-22 07:48:40
2218,263,1745309692,2025-04-22 08:14:52
2219,263,1745311623,2025-04-22 08:47:03
2220,263,1745312119,2025-04-22 08:55:19
2221,266,1745312206,2025-04-22 08:56:46
2222,263,1745316546,2025-04-22 10:09:06
2223,269,1745318551,2025-04-22 10:42:31
2224,269,1745319219,2025-04-22 10:53:39
2225,209,1745320579,2025-04-22 11:16:19
2226,266,1745322376,2025-04-22 11:46:16
2227,209,1745322488,2025-04-22 11:48:08
2228,263,1745322538,2025-04-22 11:48:58
2229,270,1745322599,2025-04-22 11:49:59
2230,270,1745322998,2025-04-22 11:56:38
2231,263,1745324796,2025-04-22 12:26:36
2232,263,1745325786,2025-04-22 12:43:06
2233,266,1745325957,2025-04-22 12:45:57
2234,263,1745327189,2025-04-22 13:06:29
2235,263,1745327794,2025-04-22 13:16:34
2236,263,1745330073,2025-04-22 13:54:33
2237,263,1745330547,2025-04-22 14:02:27
2238,263,1745332821,2025-04-22 14:40:21
2239,263,1745333273,2025-04-22 14:47:53
2240,263,1745333587,2025-04-22 14:53:07
2241,263,1745334773,2025-04-22 15:12:53
2242,241,1745334977,2025-04-22 15:16:17
2243,270,1745335348,2025-04-22 15:22:28
2244,263,1745335528,2025-04-22 15:25:28
2245,265,1745335697,2025-04-22 15:28:17
2246,263,1745336680,2025-04-22 15:44:40
2247,259,1745337438,2025-04-22 15:57:18
2248,263,1745338016,2025-04-22 16:06:56
2249,263,1745342790,2025-04-22 17:26:30
2250,270,1745343286,2025-04-22 17:34:46
2251,240,1745344207,2025-04-22 17:50:07
2252,266,1745364750,2025-04-22 23:32:30
2253,267,1745380234,2025-04-23 03:50:34
2254,263,1745388109,2025-04-23 06:01:49
2255,263,1745389664,2025-04-23 06:27:44
2256,263,1745389848,2025-04-23 06:30:48
2257,255,1745392841,2025-04-23 07:20:41
2258,271,1745392914,2025-04-23 07:21:54
2259,272,1745394314,2025-04-23 07:45:14
2260,271,1745396585,2025-04-23 08:23:05
2261,209,1745397783,2025-04-23 08:43:03
2262,263,1745398880,2025-04-23 09:01:20
2263,263,1745402470,2025-04-23 10:01:10
2264,263,1745405869,2025-04-23 10:57:49
2265,263,1745408975,2025-04-23 11:49:35
2266,272,1745409220,2025-04-23 11:53:40
2267,273,1745410116,2025-04-23 12:08:36
2268,209,1745412068,2025-04-23 12:41:08
2269,267,1745415300,2025-04-23 13:35:00
2270,209,1745417720,2025-04-23 14:15:20
2271,265,1745418072,2025-04-23 14:21:12
2272,266,1745420467,2025-04-23 15:01:07
2273,263,1745421830,2025-04-23 15:23:50
2274,241,1745421984,2025-04-23 15:26:24
2275,241,1745422474,2025-04-23 15:34:34
2276,266,1745423714,2025-04-23 15:55:14
2277,263,1745423819,2025-04-23 15:56:59
2278,263,1745424146,2025-04-23 16:02:26
2279,266,1745425955,2025-04-23 16:32:35
2280,273,1745425995,2025-04-23 16:33:15
2281,266,1745426380,2025-04-23 16:39:40
2282,235,1745451935,2025-04-23 23:45:35
2283,213,1745460771,2025-04-24 02:12:51
2284,266,1745462821,2025-04-24 02:47:01
2285,266,1745463006,2025-04-24 02:50:06
2286,267,1745463336,2025-04-24 02:55:36
2287,274,1745464675,2025-04-24 03:17:55
2288,267,1745464827,2025-04-24 03:20:27
2289,272,1745475562,2025-04-24 06:19:22
2290,274,1745475669,2025-04-24 06:21:09
2291,266,1745476615,2025-04-24 06:36:55
2292,275,1745476849,2025-04-24 06:40:49
2293,234,1745476961,2025-04-24 06:42:41
2294,272,1745477527,2025-04-24 06:52:07
2295,255,1745479996,2025-04-24 07:33:16
2296,262,1745480418,2025-04-24 07:40:18
2297,260,1745480499,2025-04-24 07:41:39
2298,267,1745480725,2025-04-24 07:45:25
2299,266,1745483472,2025-04-24 08:31:12
2300,263,1745483489,2025-04-24 08:31:29
2301,272,1745483893,2025-04-24 08:38:13
2302,209,1745484540,2025-04-24 08:49:00
2303,270,1745484911,2025-04-24 08:55:11
2304,263,1745485037,2025-04-24 08:57:17
2305,209,1745485336,2025-04-24 09:02:16
2306,209,1745485731,2025-04-24 09:08:51
2307,209,1745485737,2025-04-24 09:08:57
2308,275,1745490179,2025-04-24 10:22:59
2309,258,1745493242,2025-04-24 11:14:02
2310,263,1745498367,2025-04-24 12:39:27
2311,263,1745499575,2025-04-24 12:59:35
2312,272,1745500709,2025-04-24 13:18:29
2313,258,1745505124,2025-04-24 14:32:04
2314,258,1745505141,2025-04-24 14:32:21
2315,258,1745505172,2025-04-24 14:32:52
2316,266,1745505236,2025-04-24 14:33:56
2317,266,1745505270,2025-04-24 14:34:30
2318,266,1745505291,2025-04-24 14:34:51
2319,265,1745505683,2025-04-24 14:41:23
2320,263,1745507748,2025-04-24 15:15:48
2321,273,1745513531,2025-04-24 16:52:11
2322,276,1745513907,2025-04-24 16:58:27
2323,276,1745513916,2025-04-24 16:58:36
2324,209,1745513935,2025-04-24 16:58:55
2325,255,1745514117,2025-04-24 17:01:57
2326,262,1745514190,2025-04-24 17:03:10
2327,277,1745526357,2025-04-24 20:25:57
2328,277,1745526727,2025-04-24 20:32:07
2329,277,1745526828,2025-04-24 20:33:48
2330,266,1745530956,2025-04-24 21:42:36
2331,273,1745531012,2025-04-24 21:43:32
2332,266,1745536723,2025-04-24 23:18:43
2333,273,1745536858,2025-04-24 23:20:58
2334,266,1745538968,2025-04-24 23:56:08
2335,266,1745548776,2025-04-25 02:39:36
2336,266,1745554595,2025-04-25 04:16:35
2337,266,1745559881,2025-04-25 05:44:41
2338,211,1745560039,2025-04-25 05:47:19
2339,266,1745569018,2025-04-25 08:16:58
2340,274,1745569786,2025-04-25 08:29:46
2341,274,1745569980,2025-04-25 08:33:00
2342,272,1745574002,2025-04-25 09:40:02
2343,274,1745574620,2025-04-25 09:50:20
2344,274,1745574650,2025-04-25 09:50:50
2345,274,1745574711,2025-04-25 09:51:51
2346,274,1745574835,2025-04-25 09:53:55
2347,274,1745575157,2025-04-25 09:59:17
2348,272,1745575220,2025-04-25 10:00:20
2349,263,1745575304,2025-04-25 10:01:44
2350,272,1745577886,2025-04-25 10:44:46
2351,274,1745578293,2025-04-25 10:51:33
2352,263,1745579059,2025-04-25 11:04:19
2353,272,1745579464,2025-04-25 11:11:04
2354,274,1745580060,2025-04-25 11:21:00
2355,273,1745580903,2025-04-25 11:35:03
2356,274,1745581703,2025-04-25 11:48:23
2357,274,1745582298,2025-04-25 11:58:18
2358,274,1745582732,2025-04-25 12:05:32
2359,274,1745583384,2025-04-25 12:16:24
2360,274,1745583568,2025-04-25 12:19:28
2361,274,1745583826,2025-04-25 12:23:46
2362,274,1745584121,2025-04-25 12:28:41
2363,274,1745584575,2025-04-25 12:36:15
2364,274,1745584888,2025-04-25 12:41:28
2365,274,1745585620,2025-04-25 12:53:40
2366,274,1745585868,2025-04-25 12:57:48
2367,274,1745585912,2025-04-25 12:58:32
2368,266,1745586174,2025-04-25 13:02:54
2369,274,1745587241,2025-04-25 13:20:41
2370,266,1745587613,2025-04-25 13:26:53
2371,274,1745587816,2025-04-25 13:30:16
2372,274,1745588278,2025-04-25 13:37:58
2373,263,1745588592,2025-04-25 13:43:12
2374,273,1745590023,2025-04-25 14:07:03
2375,277,1745590248,2025-04-25 14:10:48
2376,277,1745590357,2025-04-25 14:12:37
2377,274,1745590879,2025-04-25 14:21:19
2378,274,1745591741,2025-04-25 14:35:41
2379,272,1745591751,2025-04-25 14:35:51
2380,265,1745591997,2025-04-25 14:39:57
2381,241,1745594870,2025-04-25 15:27:50
2382,266,1745603786,2025-04-25 17:56:26
2383,277,1745611249,2025-04-25 20:00:49
2384,278,1745618142,2025-04-25 21:55:42
2385,278,1745618505,2025-04-25 22:01:45
2386,278,1745622356,2025-04-25 23:05:56
2387,278,1745631314,2025-04-26 01:35:14
2388,278,1745635110,2025-04-26 02:38:30
2389,278,1745635123,2025-04-26 02:38:43
2390,278,1745635217,2025-04-26 02:40:17
2391,278,1745637098,2025-04-26 03:11:38
2392,266,1745654866,2025-04-26 08:07:46
2393,278,1745658910,2025-04-26 09:15:10
2394,278,1745661611,2025-04-26 10:00:11
2395,278,1745661632,2025-04-26 10:00:32
2396,278,1745669310,2025-04-26 12:08:30
2397,266,1745673543,2025-04-26 13:19:03
2398,273,1745673743,2025-04-26 13:22:23
2399,278,1745679668,2025-04-26 15:01:08
2400,209,1745702148,2025-04-26 21:15:48
2401,209,1745702720,2025-04-26 21:25:20
2402,241,1745702774,2025-04-26 21:26:14
2403,278,1745714881,2025-04-27 00:48:01
2404,273,1745715116,2025-04-27 00:51:56
2405,278,1745752750,2025-04-27 11:19:10
2406,241,1745766753,2025-04-27 15:12:33
2407,265,1745780563,2025-04-27 19:02:43
2408,209,1745785656,2025-04-27 20:27:36
2409,209,1745786170,2025-04-27 20:36:10
2410,209,1745822341,2025-04-28 06:39:01
2411,255,1745831461,2025-04-28 09:11:01
2412,278,1745831482,2025-04-28 09:11:22
2413,255,1745834179,2025-04-28 09:56:19
2414,267,1745835419,2025-04-28 10:16:59
2415,279,1745835669,2025-04-28 10:21:09
2416,263,1745835801,2025-04-28 10:23:21
2417,234,1745837130,2025-04-28 10:45:30
2418,275,1745837191,2025-04-28 10:46:31
2419,265,1745846637,2025-04-28 13:23:57
2420,278,1745847854,2025-04-28 13:44:14
2421,278,1745848698,2025-04-28 13:58:18
2422,265,1745851702,2025-04-28 14:48:22
2423,265,1745851830,2025-04-28 14:50:30
2424,277,1745853249,2025-04-28 15:14:09
2425,277,1745858682,2025-04-28 16:44:42
2426,279,1745862785,2025-04-28 17:53:05
2427,279,1745863069,2025-04-28 17:57:49
2428,275,1745864809,2025-04-28 18:26:49
2429,234,1745864849,2025-04-28 18:27:29
2430,279,1745869347,2025-04-28 19:42:27
2431,279,1745872607,2025-04-28 20:36:47
2432,280,1745876928,2025-04-28 21:48:48
2433,279,1745877427,2025-04-28 21:57:07
2434,279,1745879170,2025-04-28 22:26:10
2435,279,1745902738,2025-04-29 04:58:58
2436,279,1745904792,2025-04-29 05:33:12
2437,279,1745905202,2025-04-29 05:40:02
2438,281,1745912903,2025-04-29 07:48:23
2439,281,1745913741,2025-04-29 08:02:21
2440,281,1745914384,2025-04-29 08:13:04
2441,281,1745914973,2025-04-29 08:22:53
2442,281,1745915740,2025-04-29 08:35:40
2443,281,1745915956,2025-04-29 08:39:16
2444,263,1745917974,2025-04-29 09:12:54
2445,281,1745918227,2025-04-29 09:17:07
2446,281,1745918415,2025-04-29 09:20:15
2447,281,1745919966,2025-04-29 09:46:06
2448,281,1745920027,2025-04-29 09:47:07
2449,281,1745920550,2025-04-29 09:55:50
2450,281,1745920752,2025-04-29 09:59:12
2451,281,1745920947,2025-04-29 10:02:27
2452,281,1745921033,2025-04-29 10:03:53
2453,263,1745922989,2025-04-29 10:36:29
2454,263,1745923070,2025-04-29 10:37:50
2455,263,1745923480,2025-04-29 10:44:40
2456,281,1745923810,2025-04-29 10:50:10
2457,263,1745924125,2025-04-29 10:55:25
2458,263,1745924319,2025-04-29 10:58:39
2459,263,1745925126,2025-04-29 11:12:06
2460,263,1745925719,2025-04-29 11:21:59
2461,263,1745930430,2025-04-29 12:40:30
2462,277,1745930964,2025-04-29 12:49:24
